원본일련번호,시도 코드, 시도 이름, 시도 영문이름, 시군구 코드, 시군구 이름, 시군구 영문이름, 기준연도,시군구 코드
1,11,서울특별시,Seoul,11110,Jongno-gu,Jongno-gu,2020,11010
2,11,서울특별시,Seoul,11140,Jung-gu,Jung-gu,2020,11020
3,11,서울특별시,Seoul,11170,Yongsan-gu,Yongsan-gu,2020,11030
4,11,서울특별시,Seoul,11200,Seongdong-gu,Seongdong-gu,2020,11040
5,11,서울특별시,Seoul,11215,Gwangjin-gu,Gwangjin-gu,2020,11050
6,11,서울특별시,Seoul,11230,Dongdaemun-gu,Dongdaemun-gu,2020,11060
7,11,서울특별시,Seoul,11260,Jungnang-gu,Jungnang-gu,2020,11070
8,11,서울특별시,Seoul,11290,Seongbuk-gu,Seongbuk-gu,2020,11080
9,11,서울특별시,Seoul,11305,Gangbuk-gu,Gangbuk-gu,2020,11090
10,11,서울특별시,Seoul,11320,Dobong-gu,Dobong-gu,2020,11100
11,11,서울특별시,Seoul,11350,Nowon-gu,Nowon-gu,2020,11110
12,11,서울특별시,Seoul,11380,Eunpyeong-gu,Eunpyeong-gu,2020,11120
13,11,서울특별시,Seoul,11410,Seodaemun-gu,Seodaemun-gu,2020,11130
14,11,서울특별시,Seoul,11440,Mapo-gu,Mapo-gu,2020,11140
15,11,서울특별시,Seoul,11470,Yangcheon-gu,Yangcheon-gu,2020,11150
16,11,서울특별시,Seoul,11500,Gangseo-gu,Gangseo-gu,2020,11160
17,11,서울특별시,Seoul,11530,Guro-gu,Guro-gu,2020,11170
18,11,서울특별시,Seoul,11545,Geumcheon-gu,Geumcheon-gu,2020,11180
19,11,서울특별시,Seoul,11560,Yeongdeungpo-gu,Yeongdeungpo-gu,2020,11190
20,11,서울특별시,Seoul,11590,Dongjak-gu,Dongjak-gu,2020,11200
21,11,서울특별시,Seoul,11620,Gwanak-gu,Gwanak-gu,2020,11210
22,11,서울특별시,Seoul,11650,Seocho-gu,Seocho-gu,2020,11220
23,11,서울특별시,Seoul,11680,Gangnam-gu,Gangnam-gu,2020,11230
24,11,서울특별시,Seoul,11710,Songpa-gu,Songpa-gu,2020,11240
25,11,서울특별시,Seoul,11740,Gangdong-gu,Gangdong-gu,2020,11250
26,26,부산광역시,Busan,26110,Jung-gu,Jung-gu,2020,21010
27,26,부산광역시,Busan,26140,Seo-gu,Seo-gu,2020,21020
28,26,부산광역시,Busan,26170,Dong-gu,Dong-gu,2020,21030
29,26,부산광역시,Busan,26200,Yeongdo-gu,Yeongdo-gu,2020,21040
30,26,부산광역시,Busan,26230,Busanjin-gu,Busanjin-gu,2020,21050
31,26,부산광역시,Busan,26260,Dongnae-gu,Dongnae-gu,2020,21060
32,26,부산광역시,Busan,26290,Nam-gu,Nam-gu,2020,21070
33,26,부산광역시,Busan,26320,Buk-gu,Buk-gu,2020,21080
34,26,부산광역시,Busan,26350,Haeundae-gu,Haeundae-gu,2020,21090
35,26,부산광역시,Busan,26380,Saha-gu,Saha-gu,2020,21100
36,26,부산광역시,Busan,26410,Geumjeong-gu,Geumjeong-gu,2020,21110
37,26,부산광역시,Busan,26440,Gangseo-gu,Gangseo-gu,2020,21120
38,26,부산광역시,Busan,26470,Yeonje-gu,Yeonje-gu,2020,21130
39,26,부산광역시,Busan,26500,Suyeong-gu,Suyeong-gu,2020,21140
40,26,부산광역시,Busan,26530,Sasang-gu,Sasang-gu,2020,21150
42,27,대구광역시,Daegu,27110,Jung-gu,Jung-gu,2020,22010
43,27,대구광역시,Daegu,27140,Dong-gu,Dong-gu,2020,22020
41,26,부산광역시,Busan,26710,Gijang-gun,Gijang-gun,2020,21310
56,28,인천광역시,Incheon,28245,Gyeyang-gu,Gyeyang-gu,2020,23070
44,27,대구광역시,Daegu,27170,Seo-gu,Seo-gu,2020,22030
57,28,인천광역시,Incheon,28260,Seo-gu,Seo-gu,2020,23080
58,28,인천광역시,Incheon,28710,Ganghwa-gun,Ganghwa-gun,2020,23310
60,29,광주광역시,Gwangju,29110,Dong-gu,Dong-gu,2020,24010
61,29,광주광역시,Gwangju,29140,Seo-gu,Seo-gu,2020,24020
62,29,광주광역시,Gwangju,29155,Nam-gu,Nam-gu,2020,24030
63,29,광주광역시,Gwangju,29170,Buk-gu,Buk-gu,2020,24040
64,29,광주광역시,Gwangju,29200,Gwangsan-gu,Gwangsan-gu,2020,24050
65,30,대전광역시,Daejeon,30110,Dong-gu,Dong-gu,2020,25010
66,30,대전광역시,Daejeon,30140,Jung-gu,Jung-gu,2020,25020
67,30,대전광역시,Daejeon,30170,Seo-gu,Seo-gu,2020,25030
68,30,대전광역시,Daejeon,30200,Yuseong-gu,Yuseong-gu,2020,25040
69,30,대전광역시,Daejeon,30230,Daedeok-gu,Daedeok-gu,2020,25050
70,31,울산광역시,Ulsan,31110,Jung-gu,Jung-gu,2020,26010
71,31,울산광역시,Ulsan,31140,Nam-gu,Nam-gu,2020,26020
72,31,울산광역시,Ulsan,31170,Dong-gu,Dong-gu,2020,26030
73,31,울산광역시,Ulsan,31200,Buk-gu,Buk-gu,2020,26040
74,31,울산광역시,Ulsan,31710,Ulju-gun,Ulju-gun,2020,26310
75,36,세종특별자치시,Sejong-si,36110,Sejong-si,Sejong-si,2020,29010
76,41,경기도,Gyeonggi-do,41110,Suwon-si,Suwon-si,2020,31010
77,41,경기도,Gyeonggi-do,41130,Seongnam-si,Seongnam-si,2020,31020
78,41,경기도,Gyeonggi-do,41150,Uijeongbu-si,Uijeongbu-si,2020,31030
80,41,경기도,Gyeonggi-do,41190,Bucheon-si,Bucheon-si,2020,31050
81,41,경기도,Gyeonggi-do,41210,Gwangmyeong-si,Gwangmyeong-si,2020,31060
82,41,경기도,Gyeonggi-do,41220,Pyeongtaek-si,Pyeongtaek-si,2020,31070
83,41,경기도,Gyeonggi-do,41250,Dongducheon-si,Dongducheon-si,2020,31080
84,41,경기도,Gyeonggi-do,41270,Ansan-si,Ansan-si,2020,31090
85,41,경기도,Gyeonggi-do,41280,Goyang-si,Goyang-si,2020,31100
86,41,경기도,Gyeonggi-do,41290,Gwacheon-si,Gwacheon-si,2020,31110
87,41,경기도,Gyeonggi-do,41310,Guri-si,Guri-si,2020,31120
45,27,대구광역시,Daegu,27200,Nam-gu,Nam-gu,2020,22040
88,41,경기도,Gyeonggi-do,41360,Namyangju-si,Namyangju-si,2020,31130
89,41,경기도,Gyeonggi-do,41370,Osan-si,Osan-si,2020,31140
90,41,경기도,Gyeonggi-do,41390,Siheung-si,Siheung-si,2020,31150
91,41,경기도,Gyeonggi-do,41410,Gunpo-si,Gunpo-si,2020,31160
92,41,경기도,Gyeonggi-do,41430,Uiwang-si,Uiwang-si,2020,31170
93,41,경기도,Gyeonggi-do,41450,Hanam-si,Hanam-si,2020,31180
94,41,경기도,Gyeonggi-do,41460,Yongin-si,Yongin-si,2020,31190
95,41,경기도,Gyeonggi-do,41480,Paju-si,Paju-si,2020,31200
96,41,경기도,Gyeonggi-do,41500,Icheon-si,Icheon-si,2020,31210
97,41,경기도,Gyeonggi-do,41550,Anseong-si,Anseong-si,2020,31220
98,41,경기도,Gyeonggi-do,41570,Gimpo-si,Gimpo-si,2020,31230
99,41,경기도,Gyeonggi-do,41590,Hwaseong-si,Hwaseong-si,2020,31240
100,41,경기도,Gyeonggi-do,41610,Gwangju-si,Gwangju-si,2020,31250
101,41,경기도,Gyeonggi-do,41630,Yangju-si,Yangju-si,2020,31260
102,41,경기도,Gyeonggi-do,41650,Pocheon-si,Pocheon-si,2020,31270
103,41,경기도,Gyeonggi-do,41670,Yeoju-si,Yeoju-si,2020,31280
105,41,경기도,Gyeonggi-do,41820,Gapyeong-gun,Gapyeong-gun,2020,31370
106,41,경기도,Gyeonggi-do,41830,Yangpyeong-gun,Yangpyeong-gun,2020,31380
107,42,강원도,Gangwon-do,42110,Chuncheon-si,Chuncheon-si,2020,32010
108,42,강원도,Gangwon-do,42130,Wonju-si,Wonju-si,2020,32020
109,42,강원도,Gangwon-do,42150,Gangneung-si,Gangneung-si,2020,32030
110,42,강원도,Gangwon-do,42170,Donghae-si,Donghae-si,2020,32040
111,42,강원도,Gangwon-do,42190,Taebaek-si,Taebaek-si,2020,32050
112,42,강원도,Gangwon-do,42210,Sokcho-si,Sokcho-si,2020,32060
114,42,강원도,Gangwon-do,42720,Hongcheon-gun,Hongcheon-gun,2020,32310
115,42,강원도,Gangwon-do,42730,Hoengseong-gun,Hoengseong-gun,2020,32320
116,42,강원도,Gangwon-do,42750,Yeongwol-gun,Yeongwol-gun,2020,32330
117,42,강원도,Gangwon-do,42760,Pyeongchang-gun,Pyeongchang-gun,2020,32340
118,42,강원도,Gangwon-do,42770,Jeongseon-gun,Jeongseon-gun,2020,32350
119,42,강원도,Gangwon-do,42780,Cheorwon-gun,Cheorwon-gun,2020,32360
120,42,강원도,Gangwon-do,42790,Hwacheon-gun,Hwacheon-gun,2020,32370
121,42,강원도,Gangwon-do,42800,Yanggu-gun,Yanggu-gun,2020,32380
122,42,강원도,Gangwon-do,42810,Inje-gun,Inje-gun,2020,32390
46,27,대구광역시,Daegu,27230,Buk-gu,Buk-gu,2020,22050
47,27,대구광역시,Daegu,27260,Suseong-gu,Suseong-gu,2020,22060
48,27,대구광역시,Daegu,27290,Dalseo-gu,Dalseo-gu,2020,22070
49,27,대구광역시,Daegu,27710,Dalseong-gun,Dalseong-gun,2020,22310
50,28,인천광역시,Incheon,28110,Jung-gu,Jung-gu,2020,23010
51,28,인천광역시,Incheon,28140,Dong-gu,Dong-gu,2020,23020
52,28,인천광역시,Incheon,28177,Michuhol-gu,Michuhol-gu,2020,23030
53,28,인천광역시,Incheon,28185,Yeonsu-gu,Yeonsu-gu,2020,23040
54,28,인천광역시,Incheon,28200,Namdong-gu,Namdong-gu,2020,23050
55,28,인천광역시,Incheon,28237,Bupyeong-gu,Bupyeong-gu,2020,23060
123,42,강원도,Gangwon-do,42820,Goseong-gun,Goseong-gun,2020,32400
124,42,강원도,Gangwon-do,42830,Yangyang-gun,Yangyang-gun,2020,32410
125,43,충청북도,Chungcheongbuk-do,43110,Cheongju-si,Cheongju-si,2020,33010
126,43,충청북도,Chungcheongbuk-do,43130,Chungju-si,Chungju-si,2020,33020
127,43,충청북도,Chungcheongbuk-do,43150,Jecheon-si,Jecheon-si,2020,33030
128,43,충청북도,Chungcheongbuk-do,43720,Boeun-gun,Boeun-gun,2020,33320
129,43,충청북도,Chungcheongbuk-do,43730,Okcheon-gun,Okcheon-gun,2020,33330
130,43,충청북도,Chungcheongbuk-do,43740,Yeongdong-gun,Yeongdong-gun,2020,33340
131,43,충청북도,Chungcheongbuk-do,43745,Jeungpyeong-gun,Jeungpyeong-gun,2020,33390
132,43,충청북도,Chungcheongbuk-do,43750,Jincheon-gun,Jincheon-gun,2020,33350
133,43,충청북도,Chungcheongbuk-do,43760,Goesan-gun,Goesan-gun,2020,33360
134,43,충청북도,Chungcheongbuk-do,43770,Eumseong-gun,Eumseong-gun,2020,33370
135,43,충청북도,Chungcheongbuk-do,43800,Danyang-gun,Danyang-gun,2020,33380
136,44,충청남도,Chungcheongnam-do,44130,Cheonan-si,Cheonan-si,2020,34010
137,44,충청남도,Chungcheongnam-do,44150,Gongju-si,Gongju-si,2020,34020
138,44,충청남도,Chungcheongnam-do,44180,Boryeong-si,Boryeong-si,2020,34030
139,44,충청남도,Chungcheongnam-do,44200,Asan-si,Asan-si,2020,34040
140,44,충청남도,Chungcheongnam-do,44210,Seosan-si,Seosan-si,2020,34050
141,44,충청남도,Chungcheongnam-do,44230,Nonsan-si,Nonsan-si,2020,34060
142,44,충청남도,Chungcheongnam-do,44250,Gyeryong-si,Gyeryong-si,2020,34070
144,44,충청남도,Chungcheongnam-do,44710,Geumsan-gun,Geumsan-gun,2020,34310
146,44,충청남도,Chungcheongnam-do,44770,Seocheon-gun,Seocheon-gun,2020,34340
147,44,충청남도,Chungcheongnam-do,44790,Cheongyang-gun,Cheongyang-gun,2020,34350
148,44,충청남도,Chungcheongnam-do,44800,Hongseong-gun,Hongseong-gun,2020,34360
149,44,충청남도,Chungcheongnam-do,44810,Yesan-gun,Yesan-gun,2020,34370
150,44,충청남도,Chungcheongnam-do,44825,Taean-gun,Taean-gun,2020,34380
151,45,전라북도,Jeollabuk-do,45110,Jeonju-si,Jeonju-si,2020,35010
153,45,전라북도,Jeollabuk-do,45140,Iksan-si,Iksan-si,2020,35030
154,45,전라북도,Jeollabuk-do,45180,Jeongeup-si,Jeongeup-si,2020,35040
155,45,전라북도,Jeollabuk-do,45190,Namwon-si,Namwon-si,2020,35050
156,45,전라북도,Jeollabuk-do,45210,Gimje-si,Gimje-si,2020,35060
157,45,전라북도,Jeollabuk-do,45710,Wanju-gun,Wanju-gun,2020,35310
158,45,전라북도,Jeollabuk-do,45720,Jinan-gun,Jinan-gun,2020,35320
159,45,전라북도,Jeollabuk-do,45730,Muju-gun,Muju-gun,2020,35330
160,45,전라북도,Jeollabuk-do,45740,Jangsu-gun,Jangsu-gun,2020,35340
161,45,전라북도,Jeollabuk-do,45750,Imsil-gun,Imsil-gun,2020,35350
162,45,전라북도,Jeollabuk-do,45770,Sunchang-gun,Sunchang-gun,2020,35360
163,45,전라북도,Jeollabuk-do,45790,Gochang-gun,Gochang-gun,2020,35370
164,45,전라북도,Jeollabuk-do,45800,Buan-gun,Buan-gun,2020,35380
165,46,전라남도,Jellanam-do,46110,Mokpo-si,Mokpo-si,2020,36010
166,46,전라남도,Jellanam-do,46130,Yeosu-si,Yeosu-si,2020,36020
167,46,전라남도,Jellanam-do,46150,Suncheon-si,Suncheon-si,2020,36030
168,46,전라남도,Jellanam-do,46170,Naju-si,Naju-si,2020,36040
169,46,전라남도,Jellanam-do,46230,Gwangyang-si,Gwangyang-si,2020,36060
170,46,전라남도,Jellanam-do,46710,Damyang-gun,Damyang-gun,2020,36310
171,46,전라남도,Jellanam-do,46720,Gokseong-gun,Gokseong-gun,2020,36320
172,46,전라남도,Jellanam-do,46730,Gurye-gun,Gurye-gun,2020,36330
173,46,전라남도,Jellanam-do,46770,Goheung-gun,Goheung-gun,2020,36350
174,46,전라남도,Jellanam-do,46780,Boseong-gun,Boseong-gun,2020,36360
175,46,전라남도,Jellanam-do,46790,Hwasun-gun,Hwasun-gun,2020,36370
176,46,전라남도,Jellanam-do,46800,Jangheung-gun,Jangheung-gun,2020,36380
177,46,전라남도,Jellanam-do,46810,Gangjin-gun,Gangjin-gun,2020,36390
178,46,전라남도,Jellanam-do,46820,Haenam-gun,Haenam-gun,2020,36400
179,46,전라남도,Jellanam-do,46830,Yeongam-gun,Yeongam-gun,2020,36410
180,46,전라남도,Jellanam-do,46840,Muan-gun,Muan-gun,2020,36420
181,46,전라남도,Jellanam-do,46860,Hampyeong-gun,Hampyeong-gun,2020,36430
182,46,전라남도,Jellanam-do,46870,Yeonggwang-gun,Yeonggwang-gun,2020,36440
183,46,전라남도,Jellanam-do,46880,Jangseong-gun,Jangseong-gun,2020,36450
184,46,전라남도,Jellanam-do,46890,Wando-gun,Wando-gun,2020,36460
185,46,전라남도,Jellanam-do,46900,Jindo-gun,Jindo-gun,2020,36470
186,46,전라남도,Jellanam-do,46910,Sinan-gun,Sinan-gun,2020,36480
187,47,경상북도,Gyeongsangbuk-do,47110,Pohang-si,Pohang-si,2020,37010
188,47,경상북도,Gyeongsangbuk-do,47130,Gyeongju-si,Gyeongju-si,2020,37020
189,47,경상북도,Gyeongsangbuk-do,47150,Gimcheon-si,Gimcheon-si,2020,37030
190,47,경상북도,Gyeongsangbuk-do,47170,Andong-si,Andong-si,2020,37040
191,47,경상북도,Gyeongsangbuk-do,47190,Gumi-si,Gumi-si,2020,37050
192,47,경상북도,Gyeongsangbuk-do,47210,Yeongju-si,Yeongju-si,2020,37060
193,47,경상북도,Gyeongsangbuk-do,47230,Yeongcheon-si,Yeongcheon-si,2020,37070
194,47,경상북도,Gyeongsangbuk-do,47250,Sangju-si,Sangju-si,2020,37080
195,47,경상북도,Gyeongsangbuk-do,47280,Mungyeong-si,Mungyeong-si,2020,37090
196,47,경상북도,Gyeongsangbuk-do,47290,Gyeongsan-si,Gyeongsan-si,2020,37100
197,47,경상북도,Gyeongsangbuk-do,47720,Gunwi-gun,Gunwi-gun,2020,37310
198,47,경상북도,Gyeongsangbuk-do,47730,Uiseong-gun,Uiseong-gun,2020,37320
199,47,경상북도,Gyeongsangbuk-do,47750,Cheongsong-gun,Cheongsong-gun,2020,37330
200,47,경상북도,Gyeongsangbuk-do,47760,Yeongyang-gun,Yeongyang-gun,2020,37340
201,47,경상북도,Gyeongsangbuk-do,47770,Yeongdeok-gun,Yeongdeok-gun,2020,37350
202,47,경상북도,Gyeongsangbuk-do,47820,Cheongdo-gun,Cheongdo-gun,2020,37360
203,47,경상북도,Gyeongsangbuk-do,47830,Goryeong-gun,Goryeong-gun,2020,37370
204,47,경상북도,Gyeongsangbuk-do,47840,Seongju-gun,Seongju-gun,2020,37380
205,47,경상북도,Gyeongsangbuk-do,47850,Chilgok-gun,Chilgok-gun,2020,37390
206,47,경상북도,Gyeongsangbuk-do,47900,Yecheon-gun,Yecheon-gun,2020,37400
207,47,경상북도,Gyeongsangbuk-do,47920,Bonghwa-gun,Bonghwa-gun,2020,37410
208,47,경상북도,Gyeongsangbuk-do,47930,Uljin-gun,Uljin-gun,2020,37420
209,47,경상북도,Gyeongsangbuk-do,47940,Ulleung-gun,Ulleung-gun,2020,37430
211,48,경상남도,Gyeongsangnam-do,48170,Jinju-si,Jinju-si,2020,38030
212,48,경상남도,Gyeongsangnam-do,48220,Tongyeong-si,Tongyeong-si,2020,38050
214,48,경상남도,Gyeongsangnam-do,48250,Gimhae-si,Gimhae-si,2020,38070
215,48,경상남도,Gyeongsangnam-do,48270,Miryang-si,Miryang-si,2020,38080
216,48,경상남도,Gyeongsangnam-do,48310,Geoje-si,Geoje-si,2020,38090
217,48,경상남도,Gyeongsangnam-do,48330,Yangsan-si,Yangsan-si,2020,38100
218,48,경상남도,Gyeongsangnam-do,48720,Uiryeong-gun,Uiryeong-gun,2020,38310
219,48,경상남도,Gyeongsangnam-do,48730,Haman-gun,Haman-gun,2020,38320
220,48,경상남도,Gyeongsangnam-do,48740,Changnyeong-gun,Changnyeong-gun,2020,38330
221,48,경상남도,Gyeongsangnam-do,48820,Goseong-gun,Goseong-gun,2020,38340
222,48,경상남도,Gyeongsangnam-do,48840,Namhae-gun,Namhae-gun,2020,38350
223,48,경상남도,Gyeongsangnam-do,48850,Hadong-gun,Hadong-gun,2020,38360
224,48,경상남도,Gyeongsangnam-do,48860,Sancheong-gun,Sancheong-gun,2020,38370
225,48,경상남도,Gyeongsangnam-do,48870,Hamyang-gun,Hamyang-gun,2020,38380
226,48,경상남도,Gyeongsangnam-do,48880,Geochang-gun,Geochang-gun,2020,38390
227,48,경상남도,Gyeongsangnam-do,48890,Hapcheon-gun,Hapcheon-gun,2020,38400
228,50,제주특별자치도,Jeju-do,50110,Jeju-si,Jeju-si,2020,39010
229,50,제주특별자치도,Jeju-do,50130,Seogwipo-si,Seogwipo-si,2020,39020
59,28,인천광역시,Incheon,28720,Ongjin-gun,Ongjin-gun,2020,23320
79,41,경기도,Gyeonggi-do,41170,Anyang-si,Anyang-si,2020,31040
104,41,경기도,Gyeonggi-do,41800,Yeoncheon-gun,Yeoncheon-gun,2020,31350
113,42,강원도,Gangwon-do,42230,Samcheok-si,Samcheok-si,2020,32070
143,44,충청남도,Chungcheongnam-do,44270,Dangjin-si,Dangjin-si,2020,34080
145,44,충청남도,Chungcheongnam-do,44760,Buyeo-gun,Buyeo-gun,2020,34330
152,45,전라북도,Jeollabuk-do,45130,Gunsan-si,Gunsan-si,2020,35020
210,48,경상남도,Gyeongsangnam-do,48120,Changwon-si,Changwon-si,2020,38110
213,48,경상남도,Gyeongsangnam-do,48240,Sacheon-si,Sacheon-si,2020,38060
