,행정구역,연도,20~39세_여성,65세_이상_전체,지방소멸지수,소멸위험도
0,강원도 강릉시,2022,20298,98942,0.20515049220755593,0.1590670649454036
1,강원도 고성군,2022,1945,16996,0.11443869145681337,0.3208455665303311
2,강원도 동해시,2022,7521,39840,0.18878012048192772,0.17676539075150766
3,강원도 삼척시,2022,5279,34888,0.1513127722999312,0.23168451151768754
4,강원도 속초시,2022,7880,34998,0.22515572318418195,0.1409331955779007
5,강원도 양구군,2022,1954,10126,0.19296859569425243,0.17195128616473532
6,강원도 양양군,2022,1846,18004,0.10253277049544546,0.36333000537256643
7,강원도 영월군,2022,2389,24318,0.09823998684102311,0.3811739341203942
8,강원도 원주시,2022,42681,121178,0.3522173991978742,0.07384853143525062
9,강원도 인제군,2022,2907,14524,0.20015147342329936,0.1641645490549086
10,강원도 정선군,2022,2097,21668,0.09677865977478309,0.3876094296925281
11,강원도 철원군,2022,3680,21282,0.17291607931585376,0.1971135279017375
12,강원도 춘천시,2022,33930,111296,0.304862708453134,0.0923135760780055
13,강원도 태백시,2022,2732,21900,0.12474885844748858,0.29060717382974205
14,강원도 평창군,2022,2472,25748,0.09600745688985553,0.39108468361970167
15,강원도 홍천군,2022,4964,40270,0.12326794139557984,0.29463941479219113
16,강원도 화천군,2022,2113,11802,0.17903745127944415,0.1888346406075642
17,강원도 횡성군,2022,2885,30356,0.0950388720516537,0.39552929602402565
18,강원특별자치도 강릉시,2023,19644,103184,0.19037835323305938,0.17490343794948943
19,강원특별자치도 강릉시,2024,19040,108340,0.17574303119808013,0.19321852854259447
20,강원특별자치도 고성군,2023,1985,17508,0.11337674206077222,0.3242725296655796
21,강원특별자치도 고성군,2024,1925,18210,0.1057111477210324,0.35105209591297365
22,강원특별자치도 동해시,2023,7166,41584,0.17232589457483646,0.19794281426149152
23,강원특별자치도 동해시,2024,6968,43648,0.1596407624633431,0.21724929545691585
24,강원특별자치도 삼척시,2023,5089,35986,0.14141610626354695,0.2510494855257086
25,강원특별자치도 삼척시,2024,4920,37370,0.13165640888413166,0.27299763646623737
26,강원특별자치도 속초시,2023,7515,36880,0.20376898047722342,0.16045077917723913
27,강원특별자치도 속초시,2024,7270,38764,0.18754514497987823,0.17822588121176763
28,강원특별자치도 양구군,2023,1851,10542,0.17558338076266364,0.19343515477897574
29,강원특별자치도 양구군,2024,1780,10960,0.1624087591240876,0.21277922069131566
30,강원특별자치도 양양군,2023,1739,18766,0.09266759032292443,0.40680273655996907
31,강원특별자치도 양양군,2024,1680,19382,0.08667836136621608,0.43802287466830764
32,강원특별자치도 영월군,2023,2279,25304,0.09006481188744862,0.4198601348123294
33,강원특별자치도 영월군,2024,2152,26228,0.08204971785877688,0.4652729944436053
34,강원특별자치도 원주시,2023,41860,128630,0.3254295265490166,0.08363380410983476
35,강원특별자치도 원주시,2024,41253,137444,0.3001440586711679,0.09447274269717176
36,강원특별자치도 인제군,2023,2810,15224,0.1845769837099317,0.18181598157825107
37,강원특별자치도 인제군,2024,2724,15962,0.17065530635258738,0.2003213054322846
38,강원특별자치도 정선군,2023,1948,22468,0.08670108598896208,0.4378962658605615
39,강원특별자치도 정선군,2024,1811,23336,0.07760541652382585,0.49449680461107953
40,강원특별자치도 철원군,2023,3475,22154,0.1568565496072944,0.22190471097978753
41,강원특별자치도 철원군,2024,3294,22936,0.14361702127659576,0.24651214943637906
42,강원특별자치도 춘천시,2023,33611,116900,0.287519247219846,0.10059808966083547
43,강원특별자치도 춘천시,2024,33350,122392,0.2724851297470423,0.10863280836755512
44,강원특별자치도 태백시,2023,2586,22572,0.11456671982987772,0.3204367039818943
45,강원특별자치도 태백시,2024,2369,23564,0.10053471397046342,0.3714458083978915
46,강원특별자치도 평창군,2023,2390,26962,0.08864327572138565,0.427315337189434
47,강원특별자치도 평창군,2024,2296,28282,0.08118237748391204,0.4707249608647957
48,강원특별자치도 홍천군,2023,4768,42530,0.11210909945920526,0.32844827933750714
49,강원특별자치도 홍천군,2024,4549,44758,0.10163546181688189,0.36693526360856
50,강원특별자치도 화천군,2023,2020,12252,0.16487104146261836,0.20892899234299067
51,강원특별자치도 화천군,2024,1960,12742,0.15382200596452678,0.22717063667256404
52,강원특별자치도 횡성군,2023,2720,32008,0.0849787553111722,0.4476840436483803
53,강원특별자치도 횡성군,2024,2630,33822,0.07776003784518952,0.493423993285603
54,경기도 가평군,2022,4902,35546,0.13790581218702527,0.25858589561616024
55,경기도 가평군,2023,4825,37298,0.12936350474556277,0.27863446192037644
56,경기도 가평군,2024,4830,39512,0.12224134440170074,0.29749197089160023
57,경기도 고양시,2022,139929,324108,0.4317357177237217,0.05195373713734987
58,경기도 고양시,2023,137601,343888,0.4001331828967571,0.05961326212097133
59,경기도 고양시,2024,135497,366432,0.3697739280412191,0.06820444015995704
60,경기도 고양시 덕양구,2022,64742,156222,0.4144230646131787,0.0560051284874377
61,경기도 고양시 덕양구,2023,65075,164864,0.3947192837732919,0.061048486204176716
62,경기도 고양시 덕양구,2024,63667,174574,0.36469921064992494,0.06978003016919627
63,경기도 고양시 일산동구,2022,39334,84038,0.4680501677812418,0.04442934270158036
64,경기도 고양시 일산동구,2023,37934,89786,0.422493484507607,0.054075229118546383
65,경기도 고양시 일산동구,2024,38311,96596,0.3966106256987867,0.060542638449004454
66,경기도 고양시 일산서구,2022,35853,83848,0.42759517221639154,0.05289283154923091
67,경기도 고양시 일산서구,2023,34592,89238,0.38763755350859497,0.06298636968050526
68,경기도 고양시 일산서구,2024,33519,95262,0.35186118284310636,0.0739688781273806
69,경기도 과천시,2022,10572,22082,0.47876098179512727,0.04242803534983183
70,경기도 과천시,2023,10716,23328,0.4593621399176955,0.04612124806944845
71,경기도 과천시,2024,11435,25398,0.4502323017560438,0.04796955332138271
72,경기도 광명시,2022,35445,89762,0.3948775651166418,0.061005967365889355
73,경기도 광명시,2023,33829,93256,0.36275413914386206,0.07039561915198689
74,경기도 광명시,2024,33536,98814,0.3393851073734491,0.07834325624750094
75,경기도 광주시,2022,46302,118434,0.39095192258979683,0.06207066773156872
76,경기도 광주시,2023,44278,127554,0.3471314110102388,0.07559023040301267
77,경기도 광주시,2024,44067,137752,0.3199009814739532,0.08585732285304715
78,경기도 구리시,2022,23790,58118,0.4093396193950239,0.0572598083137357
79,경기도 구리시,2023,23064,61758,0.3734576896920237,0.06708753500279509
80,경기도 구리시,2024,23004,65990,0.3485982724655251,0.0750826878973857
81,경기도 군포시,2022,34191,81140,0.42138279516884397,0.05433644420411571
82,경기도 군포시,2023,32627,86802,0.3758784359807378,0.06636549223193974
83,경기도 군포시,2024,31395,92672,0.338775466160221,0.07856526600010917
84,경기도 김포시,2022,60242,133070,0.45270910047343504,0.04746076479865988
85,경기도 김포시,2023,57736,142668,0.40468780665601256,0.05843557402253237
86,경기도 김포시,2024,56108,152506,0.3679068364523363,0.06877907763421781
87,경기도 남양주시,2022,84639,229210,0.3692639937175516,0.0683608065690776
88,경기도 남양주시,2023,81632,242660,0.3364048462869859,0.07943620992144362
89,경기도 남양주시,2024,80718,257976,0.31288957112289517,0.08879024943511882
90,경기도 동두천시,2022,9211,40720,0.2262033398821218,0.1400719581898804
91,경기도 동두천시,2023,8514,42504,0.20031055900621117,0.1639984104130421
92,경기도 동두천시,2024,7993,44668,0.1789424196292648,0.18895883830524626
93,경기도 부천시,2022,102912,250238,0.4112564838273963,0.05678305104140775
94,경기도 부천시,2023,99287,267482,0.37119133250087855,0.06777206359369654
95,경기도 부천시,2024,95774,287270,0.33339367145890625,0.08056034588658831
96,경기도 부천시 소사구,2024,26940,89778,0.30007351466951815,0.09450553750892976
97,경기도 부천시 오정구,2024,17180,60994,0.2816670492179559,0.10362373842826769
98,경기도 부천시 원미구,2024,51654,136498,0.37842312707878506,0.06561643939005501
99,경기도 성남시,2022,123734,287690,0.43009489380930865,0.0523237204851367
100,경기도 성남시,2023,121602,303680,0.40042808219178083,0.059536198909192
101,경기도 성남시,2024,119551,320406,0.3731234745916119,0.06718795831832418
102,경기도 성남시 분당구,2022,65086,132978,0.4894493826046414,0.04051823194138607
103,경기도 성남시 분당구,2023,62626,139010,0.4505143514855046,0.04791133189061289
104,경기도 성남시 분당구,2024,61918,146272,0.4233072631809232,0.05388471242536916
105,경기도 성남시 수정구,2022,30503,81246,0.37544002166260493,0.0664955688445458
106,경기도 성남시 수정구,2023,31299,86686,0.36106176314514454,0.07093662934693963
107,경기도 성남시 수정구,2024,30885,91748,0.3366285913589397,0.07935348379261414
108,경기도 성남시 중원구,2022,28145,73466,0.3831023874989791,0.06426502930913733
109,경기도 성남시 중원구,2023,27677,77984,0.3549061345917111,0.07294794330469992
110,경기도 성남시 중원구,2024,26748,82386,0.32466681232248196,0.08393605630421261
111,경기도 송탄출장소,2022,0,0,,1.0
112,경기도 송탄출장소,2023,0,0,,1.0
113,경기도 송탄출장소,2024,0,0,,1.0
114,경기도 수원시,2022,170460,292888,0.5819972139520909,0.026915065165638907
115,경기도 수원시,2023,170341,313204,0.5438659787231326,0.03195901249220455
116,경기도 수원시,2024,168709,335056,0.5035247839167184,0.03812692890047127
117,경기도 수원시 권선구,2022,51292,93182,0.5504496576592046,0.031038220334333344
118,경기도 수원시 권선구,2023,50635,100108,0.5058037319694729,0.03775227176227393
119,경기도 수원시 권선구,2024,49469,108144,0.4574363811214677,0.046504971621947666
120,경기도 수원시 영통구,2022,55812,60020,0.9298900366544485,0.0
121,경기도 수원시 영통구,2023,56054,64392,0.870511864827929,0.0030713053738088344
122,경기도 수원시 영통구,2024,55337,69312,0.7983754616805171,0.0074171588081287515
123,경기도 수원시 장안구,2022,34313,79812,0.42992281862376586,0.05236268470007409
124,경기도 수원시 장안구,2023,33945,85052,0.3991087805107464,0.05988184430241304
125,경기도 수원시 장안구,2024,34677,90894,0.38151033071489865,0.0647211080820157
126,경기도 수원시 팔달구,2022,29043,59874,0.4850686441527207,0.041290803657767425
127,경기도 수원시 팔달구,2023,29707,63652,0.4667096084961981,0.04468629312899268
128,경기도 수원시 팔달구,2024,29226,66706,0.438131502413576,0.05053802863128719
129,경기도 시흥시,2022,65194,109100,0.5975618698441797,0.025041200564167476
130,경기도 시흥시,2023,64368,119042,0.5407167218292703,0.032407395207309536
131,경기도 시흥시,2024,62618,129796,0.48243397331196647,0.0417622016694188
132,경기도 안산시,2022,84433,162008,0.5211656214507926,0.035312274641540284
133,경기도 안산시,2023,80831,173850,0.46494679321253957,0.04502643435689754
134,경기도 안산시,2024,78174,187550,0.41681684884030923,0.055424901020234604
135,경기도 안산시 단원구,2022,39197,72852,0.5380360182287377,0.032793202216930384
136,경기도 안산시 단원구,2023,38312,78792,0.48624225809726873,0.0410824640575885
137,경기도 안산시 단원구,2024,37899,85652,0.442476532947275,0.049599601455171616
138,경기도 안산시 상록구,2022,45236,89156,0.5073803221319934,0.037495051231588805
139,경기도 안산시 상록구,2023,42519,95058,0.44729533547939154,0.04858017245297526
140,경기도 안산시 상록구,2024,40275,101898,0.39524818936583644,0.06090654045453184
141,경기도 안성시,2022,19879,72302,0.27494398495200684,0.10725861327792477
142,경기도 안성시,2023,19466,76132,0.25568749014868913,0.11872762510365714
143,경기도 안성시,2024,20089,81410,0.24676329689227366,0.12464980218356528
144,경기도 안양시,2022,72599,168000,0.43213690476190475,0.0518637024162891
145,경기도 안양시,2023,70573,179218,0.39378299054782445,0.06130070012343372
146,경기도 안양시,2024,72186,193988,0.37211580097738006,0.06749183100727418
147,경기도 안양시 동안구,2022,41992,84544,0.4966881150643452,0.039271498986911485
148,경기도 안양시 동안구,2023,41277,90950,0.4538427707531611,0.047229736818450926
149,경기도 안양시 동안구,2024,43161,99418,0.43413667545112555,0.05141739425111659
150,경기도 안양시 만안구,2022,30607,83456,0.366744152607362,0.06913987474309095
151,경기도 안양시 만안구,2023,29296,88268,0.33189830969320705,0.08112617637752215
152,경기도 안양시 만안구,2024,29025,94570,0.3069155123189172,0.09139497535981567
153,경기도 안중출장소,2022,0,0,,1.0
154,경기도 안중출장소,2023,0,0,,1.0
155,경기도 안중출장소,2024,0,0,,1.0
156,경기도 양주시,2022,26566,83410,0.3184989809375375,0.08643346152464337
157,경기도 양주시,2023,30274,91966,0.3291868734097384,0.0821652691413583
158,경기도 양주시,2024,33697,100830,0.3341961717742735,0.08025877538656798
159,경기도 양평군,2022,9451,68158,0.13866310631180492,0.25692774659476736
160,경기도 양평군,2023,9445,73348,0.1287697006053335,0.2801269821597519
161,경기도 양평군,2024,9266,78358,0.11825212486280916,0.30904679485443637
162,경기도 여주시,2022,10374,54400,0.1906985294117647,0.17453418278856941
163,경기도 여주시,2023,10353,57638,0.17962108331309207,0.18807476869893172
164,경기도 여주시,2024,10112,60922,0.16598273201799021,0.2072280911222366
165,경기도 연천군,2022,3366,24540,0.1371638141809291,0.26022831129181123
166,경기도 연천군,2023,3261,25670,0.12703544994156604,0.28456588582690073
167,경기도 연천군,2024,3120,26754,0.11661807580174927,0.3140080633841947
168,경기도 오산시,2022,29639,50318,0.5890337453793871,0.026055655929349497
169,경기도 오산시,2023,28581,53792,0.5313243604997026,0.033776219581420214
170,경기도 오산시,2024,30183,59040,0.511229674796748,0.0368736952356412
171,경기도 용인시,2022,131945,312746,0.4218918867067844,0.054216543875939105
172,경기도 용인시,2023,128869,329740,0.39082004003154003,0.062106807856679574
173,경기도 용인시,2024,129161,349438,0.3696249406189367,0.06825008109345627
174,경기도 용인시 기흥구,2022,53751,124608,0.4313607473035439,0.05203803971885501
175,경기도 용인시 기흥구,2023,52341,131654,0.3975648290215261,0.060289259174172063
176,경기도 용인시 기흥구,2024,51722,139352,0.3711608014237327,0.06778134224091716
177,경기도 용인시 수지구,2022,48082,104794,0.4588239784720499,0.04622815694049065
178,경기도 용인시 수지구,2023,47074,109126,0.4313729083811374,0.05203530330968677
179,경기도 용인시 수지구,2024,46366,113542,0.40835990206267286,0.05750520934624814
180,경기도 용인시 처인구,2022,30112,83344,0.3612977538875024,0.070860884921956
181,경기도 용인시 처인구,2023,29454,88960,0.33109262589928057,0.08143315811933546
182,경기도 용인시 처인구,2024,31073,96544,0.3218532482598608,0.08506341853631921
183,경기도 의왕시,2022,20829,49684,0.41922953063360435,0.054846797810239364
184,경기도 의왕시,2023,20513,52714,0.38913761050195395,0.06256999800793901
185,경기도 의왕시,2024,19572,55696,0.35140764148233267,0.07412245888514682
186,경기도 의정부시,2022,60099,154422,0.38918677390527256,0.06255640601546758
187,경기도 의정부시,2023,58840,163518,0.3598380606416419,0.07133098649689572
188,경기도 의정부시,2024,57176,173372,0.32978797037583923,0.08193343911542394
189,경기도 이천시,2022,26658,69332,0.38449777880343855,0.06386839545023852
190,경기도 이천시,2023,25913,73630,0.351935352437865,0.07394380005681656
191,경기도 이천시,2024,25394,78402,0.3238947986020765,0.08424344338802148
192,경기도 파주시,2022,60054,146486,0.4099640921316713,0.05710400153508652
193,경기도 파주시,2023,58824,155850,0.3774398460057748,0.06590467970912206
194,경기도 파주시,2024,59875,166426,0.3597695071683511,0.07135315827285331
195,경기도 평택시,2022,73133,146046,0.5007531873519302,0.03858717265840933
196,경기도 평택시,2023,73807,154796,0.47680172614279437,0.04278740136768175
197,경기도 평택시,2024,74276,164710,0.4509501548175581,0.04782151544951033
198,경기도 포천시,2022,13495,65538,0.2059110744911349,0.15831319504495303
199,경기도 포천시,2023,12854,69538,0.18484857200379648,0.18148269343100687
200,경기도 포천시,2024,12357,74288,0.16633911264268791,0.20668763646633653
201,경기도 풍양출장소,2022,0,0,,1.0
202,경기도 풍양출장소,2023,0,0,,1.0
203,경기도 풍양출장소,2024,0,0,,1.0
204,경기도 하남시,2022,44642,88866,0.5023518556028177,0.03832108233354878
205,경기도 하남시,2023,44011,94778,0.4643588174470869,0.04514046063259679
206,경기도 하남시,2024,42920,101046,0.4247570413475051,0.05354710832357078
207,경기도 화성시,2022,120851,178100,0.6785569904548007,0.0166776224640919
208,경기도 화성시,2023,124005,194092,0.638898048348206,0.02050785994421077
209,경기도 화성시,2024,126405,210756,0.5997694015828731,0.024783305969314384
210,경기도 화성시동부출장소,2022,0,0,,1.0
211,경기도 화성시동부출장소,2023,0,0,,1.0
212,경기도 화성시동부출장소,2024,0,0,,1.0
213,경기도 화성시동탄출장소,2022,0,0,,1.0
214,경기도 화성시동탄출장소,2023,0,0,,1.0
215,경기도 화성시동탄출장소,2024,0,0,,1.0
216,경상남도 거제시,2022,23068,62340,0.3700352903432788,0.06812446299926783
217,경상남도 거제시,2023,21129,67110,0.3148413053196245,0.08796070367862344
218,경상남도 거제시,2024,19773,72430,0.2729946154908187,0.10834603579303853
219,경상남도 거창군,2022,4362,35998,0.12117339852214012,0.30051071503138493
220,경상남도 거창군,2023,4181,37000,0.113,0.3255037737563714
221,경상남도 거창군,2024,4038,38290,0.1054583442151998,0.352001571544216
222,경상남도 고성군,2022,2914,34026,0.08564039264092164,0.443877476882335
223,경상남도 고성군,2023,2642,34944,0.07560668498168498,0.508759601648251
224,경상남도 고성군,2024,2331,35654,0.065378358669434,0.5953984820805314
225,경상남도 김해시,2022,59088,140126,0.42167763298745414,0.0542669692463984
226,경상남도 김해시,2023,57132,149348,0.3825427859763773,0.06442490648913167
227,경상남도 김해시,2024,55333,160306,0.3451711102516437,0.07627524026130635
228,경상남도 남해군,2022,2125,33372,0.06367613568260817,0.6125186572856145
229,경상남도 남해군,2023,1967,33728,0.05831949715370019,0.6729141233945757
230,경상남도 남해군,2024,1753,34044,0.05149218658207026,0.7681053714677246
231,경상남도 밀양시,2022,7108,64776,0.10973199950598987,0.3365387866245558
232,경상남도 밀양시,2023,6784,67390,0.10066775485977147,0.37089540491108614
233,경상남도 밀양시,2024,6359,69908,0.09096240773588145,0.41527273905806833
234,경상남도 사천남양출장소,2022,0,0,,1.0
235,경상남도 사천남양출장소,2023,0,0,,1.0
236,경상남도 사천남양출장소,2024,0,0,,1.0
237,경상남도 사천시,2022,8674,52592,0.1649300273805902,0.20883816707312736
238,경상남도 사천시,2023,8400,54146,0.15513611347098585,0.22486494099653076
239,경상남도 사천시,2024,8062,56056,0.1438204652490367,0.24609974750566688
240,경상남도 산청군,2022,1702,27000,0.06303703703703703,0.6191851571232685
241,경상남도 산청군,2023,1607,27658,0.05810253814447899,0.675594965775095
242,경상남도 산청군,2024,1533,28244,0.05427701458716896,0.726385442704871
243,경상남도 양산시,2022,38775,111152,0.34884662444220527,0.07499717919179678
244,경상남도 양산시,2023,37593,119078,0.31570063319840774,0.08759871564747243
245,경상남도 양산시,2024,37035,127986,0.28936758707983684,0.09966790860478097
246,경상남도 양산시웅상출장소,2022,0,0,,1.0
247,경상남도 양산시웅상출장소,2023,0,0,,1.0
248,경상남도 양산시웅상출장소,2024,0,0,,1.0
249,경상남도 의령군,2022,1396,20608,0.06774068322981366,0.5730648968678924
250,경상남도 의령군,2023,1290,20938,0.061610469003725285,0.6345647432470918
251,경상남도 의령군,2024,1220,21286,0.05731466691722259,0.6855009317048224
252,경상남도 장유출장소,2022,0,0,,1.0
253,경상남도 장유출장소,2023,0,0,,1.0
254,경상남도 장유출장소,2024,0,0,,1.0
255,경상남도 진주시,2022,38097,128430,0.2966362999299229,0.09612234075272169
256,경상남도 진주시,2023,36911,134354,0.2747294460901797,0.10737753440199735
257,경상남도 진주시,2024,36115,140180,0.2576330432301327,0.11749101011122207
258,경상남도 창녕군,2022,3454,40272,0.08576678585617799,0.4431569860754771
259,경상남도 창녕군,2023,3073,41234,0.07452587670369112,0.5167908644790247
260,경상남도 창녕군,2024,2811,42730,0.06578516264919261,0.5914382038947101
261,경상남도 창원시,2022,109789,339320,0.3235559354002122,0.08437882931785787
262,경상남도 창원시,2023,104271,359502,0.290042892668191,0.09933101660354582
263,경상남도 창원시,2024,100400,382990,0.2621478367581399,0.11469207700692102
264,경상남도 창원시 마산합포구,2022,17567,83296,0.21089848252016904,0.15350453353775784
265,경상남도 창원시 마산합포구,2023,16845,87146,0.19329630734629244,0.17158342481817554
266,경상남도 창원시 마산합포구,2024,16202,91706,0.1766732820099012,0.19196407802568277
267,경상남도 창원시 마산회원구,2022,17704,74728,0.23691253613103522,0.13170490963680043
268,경상남도 창원시 마산회원구,2023,16628,78322,0.21230305661244606,0.15219107182260735
269,경상남도 창원시 마산회원구,2024,16202,82702,0.19590820052719402,0.16869552778036231
270,경상남도 창원시 성산구,2022,30752,52620,0.5844165716457621,0.026617241557426688
271,경상남도 창원시 성산구,2023,29466,57430,0.5130767891345986,0.03657884748218938
272,경상남도 창원시 성산구,2024,28686,63526,0.4515631395019362,0.0476954764154215
273,경상남도 창원시 의창구,2022,24027,66482,0.36140609488282543,0.07082614454281423
274,경상남도 창원시 의창구,2023,22813,71112,0.32080380245246937,0.08548898272984559
275,경상남도 창원시 의창구,2024,21681,76152,0.2847069019855027,0.10203657745325792
276,경상남도 창원시 진해구,2022,19739,62194,0.3173778821108145,0.08689782885690298
277,경상남도 창원시 진해구,2023,18519,65492,0.2827673608990411,0.10304530568679107
278,경상남도 창원시 진해구,2024,17629,68904,0.25584871705561363,0.11862443281005505
279,경상남도 통영시,2022,9656,54968,0.17566584194440402,0.19332321581252754
280,경상남도 통영시,2023,8940,57490,0.15550530527048181,0.22422417951717866
281,경상남도 통영시,2024,8342,60402,0.13810800966855402,0.25814139049195806
282,경상남도 하동군,2022,2156,32184,0.06698980860054686,0.5799929560310706
283,경상남도 하동군,2023,2023,32962,0.061373703051999275,0.6371864545882946
284,경상남도 하동군,2024,1835,33554,0.05468796566728259,0.7205886886750661
285,경상남도 함안군,2022,4095,34690,0.11804554626693571,0.3096664202774656
286,경상남도 함안군,2023,3725,35858,0.10388197891683865,0.35802630961151904
287,경상남도 함안군,2024,3423,37060,0.09236373448461954,0.408289153677273
288,경상남도 함양군,2022,2203,27496,0.08012074483561245,0.4775588824122579
289,경상남도 함양군,2023,2046,27952,0.07319690898683458,0.5269912611913767
290,경상남도 함양군,2024,1837,28392,0.06470132431670893,0.6020998889851394
291,경상남도 합천군,2022,2015,35350,0.057001414427157004,0.6895155623322626
292,경상남도 합천군,2023,1849,35668,0.051839183581922174,0.7626624922227889
293,경상남도 합천군,2024,1740,36226,0.04803180036437917,0.8266863795139123
294,경상북도 경산시,2022,30774,99222,0.3101529902642559,0.08997096065726135
295,경상북도 경산시,2023,29747,103704,0.2868452518707089,0.10094026190516406
296,경상북도 경산시,2024,29700,109920,0.2701965065502183,0.10993433849670248
297,경상북도 경주시,2022,21408,123502,0.17334132240773428,0.1965195062860359
298,경상북도 경주시,2023,20573,128374,0.16025830775702246,0.2162386311290988
299,경상북도 경주시,2024,19639,134248,0.14628895774983613,0.2411872533819711
300,경상북도 고령군,2022,1800,20970,0.08583690987124463,0.44275816689981523
301,경상북도 고령군,2023,1688,21700,0.07778801843317973,0.4932303108973463
302,경상북도 고령군,2024,1634,22756,0.07180523817894181,0.5380776502501166
303,경상북도 구미시,2022,50335,90312,0.5573456462042696,0.03009707481424001
304,경상북도 구미시,2023,47813,96430,0.495831172871513,0.03941719121925635
305,경상북도 구미시,2024,45997,105310,0.436777134175292,0.05083435810653629
306,경상북도 군위군,2022,1078,20116,0.05358918274010738,0.7362867299716283
307,경상북도 김천시,2022,12456,69478,0.17927977201416276,0.1885185454331148
308,경상북도 김천시,2023,11772,71542,0.16454669984065304,0.20942957015209535
309,경상북도 김천시,2024,11166,74730,0.14941790445604175,0.23519367145870962
310,경상북도 문경시,2022,5040,45634,0.11044396721742561,0.33407905642160196
311,경상북도 문경시,2023,4705,46680,0.10079263067694945,0.37038010312621883
312,경상북도 문경시,2024,4301,48080,0.08945507487520798,0.42302886232969766
313,경상북도 봉화군,2022,1367,23894,0.05721101531765297,0.6868244594421569
314,경상북도 봉화군,2023,1263,24402,0.05175805261863781,0.7639285485217138
315,경상북도 봉화군,2024,1128,25076,0.04498325091721168,0.8857630493994486
316,경상북도 상주시,2022,6167,63798,0.0966644722405091,0.38812049296803663
317,경상북도 상주시,2023,5881,65458,0.08984386935133978,0.4210033769087593
318,경상북도 상주시,2024,5504,67280,0.08180737217598097,0.46678470351730766
319,경상북도 성주군,2022,2454,29892,0.0820955439582497,0.46498814283033546
320,경상북도 성주군,2023,2271,30740,0.07387768379960963,0.5217201772375664
321,경상북도 성주군,2024,2135,32018,0.06668124180148666,0.5828852287828696
322,경상북도 안동시,2022,13764,82436,0.16696588868940754,0.2057427215084403
323,경상북도 안동시,2023,13421,84714,0.15842717850650423,0.21925838277491588
324,경상북도 안동시,2024,13511,87516,0.15438319850084556,0.22618118212651211
325,경상북도 영덕군,2022,1832,27976,0.06548470117243352,0.5943584769505508
326,경상북도 영덕군,2023,1733,28386,0.061051222433594024,0.6407899949663682
327,경상북도 영덕군,2024,1562,28864,0.054115853658536585,0.7286827641266496
328,경상북도 영양군,2022,838,12792,0.06550969355847405,0.5941145472012954
329,경상북도 영양군,2023,763,12958,0.05888254360240778,0.6660490314632035
330,경상북도 영양군,2024,724,13194,0.054873427315446414,0.7180010554019238
331,경상북도 영주시,2022,7402,59444,0.12452055716304421,0.2912225393892978
332,경상북도 영주시,2023,7216,60848,0.11859058637917434,0.30803625698566395
333,경상북도 영주시,2024,6962,63082,0.11036428775244919,0.33435275863706876
334,경상북도 영천시,2022,7677,61648,0.12452958733454451,0.2911981565171706
335,경상북도 영천시,2023,7205,63488,0.1134860131048387,0.32391694645464925
336,경상북도 영천시,2024,6683,65878,0.10144509547952275,0.36770832912390555
337,경상북도 예천군,2022,4242,35236,0.12038823930071518,0.30276427360718206
338,경상북도 예천군,2023,4092,35756,0.11444233135697505,0.32083392976279346
339,경상북도 예천군,2024,3914,36480,0.10729166666666666,0.34521743807015814
340,경상북도 울릉군,2022,621,4960,0.12520161290322582,0.2893934533055304
341,경상북도 울릉군,2023,601,5192,0.11575500770416025,0.3166850233168747
342,경상북도 울릉군,2024,546,5470,0.09981718464351005,0.37443959444556324
343,경상북도 울진군,2022,3343,28542,0.11712563940859085,0.3124521869760974
344,경상북도 울진군,2023,3197,29130,0.10974939924476484,0.33647829297996285
345,경상북도 울진군,2024,3119,29860,0.10445411922304086,0.3558186138427963
346,경상북도 의성군,2022,2396,44352,0.05402236652236652,0.7300216889829456
347,경상북도 의성군,2023,2307,45364,0.05085530376510008,0.778288574706365
348,경상북도 의성군,2024,2084,46154,0.045153182822723924,0.8822600651326704
349,경상북도 청도군,2022,2092,33752,0.06198151220668405,0.6304964685984618
350,경상북도 청도군,2023,1985,34644,0.05729707885925413,0.6857251763602898
351,경상북도 청도군,2024,1807,35886,0.050353898456222485,0.7864868414036277
352,경상북도 청송군,2022,1191,19634,0.06066007945400835,0.6452122182554245
353,경상북도 청송군,2023,1114,20084,0.055467038438558054,0.7098350919400709
354,경상북도 청송군,2024,1061,20730,0.05118186203569706,0.773035533353754
355,경상북도 칠곡군,2022,10322,39946,0.25839883843188305,0.11700936962403158
356,경상북도 칠곡군,2023,9485,41604,0.22798288626093643,0.13862714892661585
357,경상북도 칠곡군,2024,8531,43562,0.195835820210275,0.16877451888739073
358,경상북도 포항시,2022,47328,196898,0.2403681093764284,0.12916418452383283
359,경상북도 포항시,2023,45188,207684,0.21758055507405483,0.14740747845712587
360,경상북도 포항시,2024,43884,220270,0.19922821991192627,0.16513397310264005
361,경상북도 포항시 남구,2022,20827,90932,0.22903928210091057,0.1377800835553198
362,경상북도 포항시 남구,2023,20004,95920,0.2085487906588824,0.15574135977757958
363,경상북도 포항시 남구,2024,18584,101174,0.18368355506355388,0.1829193346774102
364,경상북도 포항시 북구,2022,26501,105966,0.25008965139761813,0.12239299365825118
365,경상북도 포항시 북구,2023,25184,111764,0.22533194946494398,0.1407877610995038
366,경상북도 포항시 북구,2024,25300,119096,0.21243366695774837,0.15206981660044522
367,광주광역시 광산구,2022,51331,83774,0.6127318738510755,0.023306458888633086
368,광주광역시 광산구,2023,49674,88556,0.5609331948145806,0.029616606771500825
369,광주광역시 광산구,2024,47991,94620,0.5071972098922004,0.037524843897461024
370,광주광역시 남구,2022,24866,81368,0.30559925277750466,0.09198256329745302
371,광주광역시 남구,2023,23614,84840,0.2783356907119283,0.10540291436321378
372,광주광역시 남구,2024,22620,88970,0.2542430032595257,0.11965799913746206
373,광주광역시 동구,2022,14047,46484,0.3021900008605111,0.09352827744605724
374,광주광역시 동구,2023,14218,48150,0.29528556593977157,0.09676800357726165
375,광주광역시 동구,2024,13940,49830,0.2797511539233394,0.10464178186156947
376,광주광역시 북구,2022,53297,141450,0.3767903852951573,0.0660958884719984
377,광주광역시 북구,2023,51480,148626,0.3463727746154778,0.07585440951639576
378,광주광역시 북구,2024,51003,158556,0.32167183834102775,0.08513678415060286
379,광주광역시 서구,2022,37363,91780,0.40709304859446505,0.057824283829050055
380,광주광역시 서구,2023,36068,96620,0.37329745394328295,0.06713565941596511
381,광주광역시 서구,2024,34705,100976,0.34369553161147204,0.07679602290431613
382,대구광역시 군위군,2023,926,20600,0.044951456310679615,0.8864214061860609
383,대구광역시 군위군,2024,851,21240,0.040065913370998116,1.0
384,대구광역시 남구,2022,17304,70966,0.24383507595186427,0.12668745207303433
385,대구광역시 남구,2023,16801,72930,0.2303715891951186,0.1367228573602842
386,대구광역시 남구,2024,16108,75268,0.21400860923632886,0.15061933401888952
387,대구광역시 달서구,2022,62229,178064,0.34947546949411445,0.0747812084634946
388,대구광역시 달서구,2023,59523,187176,0.3180055135273753,0.0866374559248679
389,대구광역시 달서구,2024,57569,200528,0.287087090082183,0.10081730128061836
390,대구광역시 달성군,2022,30404,75926,0.40044253615362324,0.05953242471153876
391,대구광역시 달성군,2023,28669,80348,0.3568103748693185,0.07231833096124791
392,대구광역시 달성군,2024,26741,85872,0.3114053474939445,0.08942804963945625
393,대구광역시 동구,2022,37899,146362,0.2589401620639237,0.11667062728555755
394,대구광역시 동구,2023,38072,153174,0.24855393212947366,0.12342741611616986
395,대구광역시 동구,2024,37745,161462,0.23377017502570263,0.13408055392781063
396,대구광역시 북구,2022,50796,140720,0.36097214326321775,0.07096542000871113
397,대구광역시 북구,2023,48239,147104,0.32792446160539485,0.08265492075534256
398,대구광역시 북구,2024,46634,156064,0.29881330736108264,0.0950939973920589
399,대구광역시 서구,2022,15228,81576,0.18667255075022066,0.17926946786396508
400,대구광역시 서구,2023,15854,85682,0.18503302910763053,0.18125688898238465
401,대구광역시 서구,2024,15631,90242,0.1732120298752244,0.19669980629667944
402,대구광역시 수성구,2022,43322,143800,0.30126564673157163,0.09395339706753988
403,대구광역시 수성구,2023,41999,149626,0.2806931950329488,0.10413947564674092
404,대구광역시 수성구,2024,41553,157948,0.263080254260896,0.11412599630099621
405,대구광역시 중구,2022,12017,32032,0.3751560939060939,0.06657997181784353
406,대구광역시 중구,2023,13743,34072,0.40335172575722,0.05877828749968789
407,대구광역시 중구,2024,15558,35830,0.4342171364778119,0.05139952301464169
408,대전광역시 대덕구,2022,18978,62418,0.3040469095453235,0.09268207879071577
409,대전광역시 대덕구,2023,18189,65960,0.27575803517283204,0.10680905989891332
410,대전광역시 대덕구,2024,17754,70140,0.2531223267750214,0.1203871262736865
411,대전광역시 동구,2022,24951,91592,0.27241462136431127,0.1086725796870261
412,대전광역시 동구,2023,24401,95084,0.2566257204156325,0.11812893477282332
413,대전광역시 동구,2024,24623,99908,0.2464567402009849,0.12486085541346162
414,대전광역시 서구,2022,65728,135542,0.48492718124271444,0.04131598421430513
415,대전광역시 서구,2023,64155,142740,0.4494535519125683,0.048130684273070434
416,대전광역시 서구,2024,62494,150902,0.41413632688764895,0.05607508047480918
417,대전광역시 유성구,2022,50071,77476,0.6462775569208529,0.019759553866935217
418,대전광역시 유성구,2023,51442,83586,0.615437992008231,0.02300599350328794
419,대전광역시 유성구,2024,51802,90902,0.5698664495830674,0.02844649336235558
420,대전광역시 중구,2022,25975,97164,0.2673315219628669,0.11159505253261362
421,대전광역시 중구,2023,25019,101052,0.24758540157542652,0.12408639290980786
422,대전광역시 중구,2024,24980,105460,0.2368670586004172,0.13173884141603953
423,동해출장소,2022,0,0,,1.0
424,동해출장소,2023,0,0,,1.0
425,동해출장소,2024,0,0,,1.0
426,부산광역시 강서구,2022,17665,37914,0.4659228780925252,0.044837777428396036
427,부산광역시 강서구,2023,16433,40280,0.40796921549155907,0.057603397810216145
428,부산광역시 강서구,2024,15682,42644,0.3677422380639715,0.06883001619526906
429,부산광역시 금정구,2022,24567,103984,0.2362575011540237,0.1321949065108298
430,부산광역시 금정구,2023,23155,107872,0.21465255117175913,0.1500324100087774
431,부산광역시 금정구,2024,22070,112230,0.1966497371469304,0.16788961306832648
432,부산광역시 기장군,2022,19356,62258,0.31089980404124773,0.08964668199939077
433,부산광역시 기장군,2023,18528,65748,0.2818032487680234,0.10355189350255933
434,부산광역시 기장군,2024,17424,68490,0.25440210249671485,0.11955500776206746
435,부산광역시 남구,2022,28387,113616,0.24985037318687509,0.12255332923399909
436,부산광역시 남구,2023,28045,117590,0.23849817161323242,0.13052992354340143
437,부산광역시 남구,2024,28186,122740,0.2296398891966759,0.13730196497293856
438,부산광역시 동구,2022,9807,48546,0.20201458410579656,0.1622352497516762
439,부산광역시 동구,2023,10011,50026,0.2001159397113501,0.16420169424370804
440,부산광역시 동구,2024,9719,51144,0.19003206632254027,0.17530420691721518
441,부산광역시 동래구,2022,30773,109514,0.28099603703636067,0.1039787125000052
442,부산광역시 동래구,2023,29459,114768,0.2566830475393838,0.11809249587343437
443,부산광역시 동래구,2024,29577,121592,0.2432479110467794,0.1271019451276433
444,부산광역시 부산진구,2022,49915,150902,0.3307775907542644,0.0815535995442313
445,부산광역시 부산진구,2023,50453,158188,0.3189432826763092,0.08625033174505875
446,부산광역시 부산진구,2024,50457,165170,0.30548525761336803,0.09203368983130261
447,부산광역시 북구,2022,31168,111342,0.2799303048265704,0.1045459963848101
448,부산광역시 북구,2023,29365,118106,0.2486325842886898,0.12337412750098639
449,부산광역시 북구,2024,27937,125196,0.22314610690437395,0.14260791980111953
450,부산광역시 사상구,2022,22918,85748,0.267271539860988,0.11163020220327427
451,부산광역시 사상구,2023,22691,91252,0.24866304300179723,0.12335350008965243
452,부산광역시 사상구,2024,21734,96800,0.22452479338842976,0.14145575563221346
453,부산광역시 사하구,2022,32453,131230,0.24729863598262591,0.12428249523989154
454,부산광역시 사하구,2023,30803,137816,0.2235081558019388,0.14230398039771835
455,부산광역시 사하구,2024,29156,144878,0.2012451856044396,0.16302765178186132
456,부산광역시 서구,2022,11505,56702,0.20290289584141652,0.16132785367460506
457,부산광역시 서구,2023,11399,58374,0.1952752937951828,0.16938822312118462
458,부산광역시 서구,2024,10934,60658,0.180256520162221,0.18725304356905154
459,부산광역시 수영구,2022,23897,80948,0.29521421159262734,0.09680227589099061
460,부산광역시 수영구,2023,23315,84604,0.2755779868564134,0.10690826153443
461,부산광역시 수영구,2024,22647,87718,0.25817962105839165,0.11714695267018757
462,부산광역시 연제구,2022,24094,87924,0.2740321186479232,0.10776535649368849
463,부산광역시 연제구,2023,24516,92232,0.265807962529274,0.11249277833938487
464,부산광역시 연제구,2024,25250,97726,0.25837545791294025,0.11702403235265338
465,부산광역시 영도구,2022,9265,65348,0.14177939646201873,0.25029083083208437
466,부산광역시 영도구,2023,8817,67160,0.13128350208457415,0.27390097515498335
467,부산광역시 영도구,2024,8299,69146,0.12002140398576924,0.3038272676712521
468,부산광역시 중구,2022,5074,22812,0.22242679291600911,0.1432147183848367
469,부산광역시 중구,2023,4792,23590,0.20313692242475626,0.16109012008653853
470,부산광역시 중구,2024,4565,24194,0.18868314458130114,0.1768793834209463
471,부산광역시 해운대구,2022,42377,151804,0.2791560169692498,0.10496086253868162
472,부산광역시 해운대구,2023,40193,158568,0.25347484990666463,0.12015707493873914
473,부산광역시 해운대구,2024,38720,166302,0.23282943079457855,0.13480423473056574
474,북부출장소,2022,0,0,,1.0
475,북부출장소,2023,0,0,,1.0
476,북부출장소,2024,0,0,,1.0
477,서울특별시 강남구,2022,75393,160272,0.4704065588499551,0.04398123329452365
478,서울특별시 강남구,2023,76905,170018,0.4523344587043725,0.04753736673784689
479,서울특별시 강남구,2024,77468,179588,0.4313651246185714,0.052037054745194544
480,서울특별시 강동구,2022,64642,155362,0.4160734285089018,0.05560438333149294
481,서울특별시 강동구,2023,63731,164566,0.3872671147138534,0.0630896892208684
482,서울특별시 강동구,2024,65902,178308,0.36959642865154674,0.06825881966846878
483,서울특별시 강북구,2022,37425,131738,0.284086596122607,0.10235769172942771
484,서울특별시 강북구,2023,36352,136332,0.26664319455447,0.11199936474083008
485,서울특별시 강북구,2024,35503,141802,0.25037023455240404,0.12220537084508021
486,서울특별시 강서구,2022,93366,192714,0.4844795915190386,0.041395752555044754
487,서울특별시 강서구,2023,91530,202528,0.4519375098751778,0.04761866830748113
488,서울특별시 강서구,2024,89544,213288,0.41982671317655,0.05470473263387193
489,서울특별시 관악구,2022,95172,162828,0.5844940673594222,0.026607742565486536
490,서울특별시 관악구,2023,93888,168638,0.5567428456219832,0.030178413447780772
491,서울특별시 관악구,2024,93296,175312,0.5321712147485625,0.03365081886153408
492,서울특별시 광진구,2022,59373,106694,0.5564792771852213,0.03021403330927852
493,서울특별시 광진구,2023,58848,112068,0.5251097547917336,0.03470884281855105
494,서울특별시 광진구,2024,58172,117800,0.4938200339558574,0.03976109900198427
495,서울특별시 구로구,2022,57177,148246,0.3856900017538416,0.06353178489633161
496,서울특별시 구로구,2023,56144,155984,0.35993435224125553,0.07129985783353442
497,서울특별시 구로구,2024,54808,163218,0.3357962969770491,0.07966176888731465
498,서울특별시 금천구,2022,35317,83952,0.42068086525633697,0.05450223738302505
499,서울특별시 금천구,2023,35093,88584,0.3961550618621873,0.06066403941815218
500,서울특별시 금천구,2024,34641,93592,0.3701277886998889,0.06809618545791023
501,서울특별시 노원구,2022,64075,183186,0.3497810968087081,0.07467652415224237
502,서울특별시 노원구,2023,62929,191878,0.32796360187202284,0.08263968279689463
503,서울특별시 노원구,2024,61701,200134,0.30829844004516976,0.09078303121461323
504,서울특별시 도봉구,2022,38146,133200,0.28638138138138136,0.10117669418284478
505,서울특별시 도봉구,2023,36913,139998,0.2636680524007486,0.11377119523992993
506,서울특별시 도봉구,2024,36102,147476,0.2447991537606119,0.12601120023049825
507,서울특별시 동대문구,2022,52448,127716,0.4106611544364058,0.05693064324227898
508,서울특별시 동대문구,2023,53646,132784,0.40400951921918304,0.058609275904070654
509,서울특별시 동대문구,2024,53711,137792,0.38979766604737576,0.06238780130707769
510,서울특별시 동작구,2022,62626,134698,0.46493637618969846,0.04502845202301142
511,서울특별시 동작구,2023,62170,139156,0.44676478197131275,0.04869133496625919
512,서울특별시 동작구,2024,61827,144466,0.4279692107485498,0.05280725131085655
513,서울특별시 마포구,2022,66361,109962,0.603490296647933,0.02435288314586946
514,서울특별시 마포구,2023,66321,113842,0.5825705802779291,0.026844259958923936
515,서울특별시 마포구,2024,66014,118010,0.5593932717566308,0.029822088451978382
516,서울특별시 서대문구,2022,48109,110122,0.436870016890358,0.050813977118465636
517,서울특별시 서대문구,2023,48464,114284,0.42406636099541495,0.05370765641901662
518,서울특별시 서대문구,2024,47814,118420,0.40376625570005065,0.058671715176438405
519,서울특별시 서초구,2022,56170,122712,0.4577384444879066,0.04644456946696568
520,서울특별시 서초구,2023,56259,129318,0.43504384540435204,0.05121628519907666
521,서울특별시 서초구,2024,56099,135370,0.41441235133338256,0.05600774033788186
522,서울특별시 성동구,2022,44616,94210,0.4735802993312812,0.0433847381924064
523,서울특별시 성동구,2023,44263,97646,0.4533006984413084,0.047340060280364485
524,서울특별시 성동구,2024,43705,101190,0.431910267813025,0.05191454390935425
525,서울특별시 성북구,2022,62852,153526,0.40938994046611,0.057247235531459786
526,서울특별시 성북구,2023,62051,159378,0.3893322792355281,0.06251619890299978
527,서울특별시 성북구,2024,61460,165648,0.37102772143340096,0.06782180418675206
528,서울특별시 송파구,2022,100692,204944,0.4913147006011398,0.04019345304387768
529,서울특별시 송파구,2023,99122,215360,0.4602618870728083,0.0459430665176675
530,서울특별시 송파구,2024,97763,225916,0.4327404876148657,0.05172856037540144
531,서울특별시 양천구,2022,54156,143664,0.3769629134647511,0.0660450299138117
532,서울특별시 양천구,2023,52597,151364,0.34748685288443754,0.07546685210764345
533,서울특별시 양천구,2024,50972,159398,0.31977816534711856,0.08590759107048199
534,서울특별시 영등포구,2022,65373,125470,0.5210249462022795,0.03533396595650684
535,서울특별시 영등포구,2023,65856,130494,0.5046668812359189,0.03793874610225614
536,서울특별시 영등포구,2024,66401,135896,0.4886162948136811,0.04066408565977793
537,서울특별시 용산구,2022,35914,75284,0.4770469156792944,0.042742267194792835
538,서울특별시 용산구,2023,34755,76848,0.45225640224859465,0.047553342695388495
539,서울특별시 용산구,2024,33619,76272,0.4407777428151877,0.04996429854455363
540,서울특별시 은평구,2022,66650,177510,0.37547180440538563,0.06648612875869514
541,서울특별시 은평구,2023,66632,185876,0.35847554283500827,0.07177324686697877
542,서울특별시 은평구,2024,65582,194296,0.3375365421830609,0.07901890916971914
543,서울특별시 종로구,2022,21209,54496,0.38918452730475633,0.06255702704847398
544,서울특별시 종로구,2023,20830,56150,0.3709706144256456,0.06783917603404875
545,서울특별시 종로구,2024,20916,58258,0.35902365340382436,0.07159493179628594
546,서울특별시 중구,2022,19216,48538,0.3958959990110841,0.06073320042153953
547,서울특별시 중구,2023,19860,50316,0.3947054614834248,0.06105220088054783
548,서울특별시 중구,2024,20025,52046,0.38475579295238826,0.06379537122019477
549,서울특별시 중랑구,2022,54881,148852,0.36869507967645715,0.06853576900436667
550,서울특별시 중랑구,2023,54240,156978,0.34552612467989147,0.07615060723466252
551,서울특별시 중랑구,2024,53464,165968,0.3221343873517787,0.08494988380921983
552,울산광역시 남구,2022,36555,88474,0.4131722313900129,0.05631099140801146
553,울산광역시 남구,2023,35125,94498,0.3717009883807065,0.06761740004768042
554,울산광역시 남구,2024,34074,101454,0.33585664439056123,0.07963936459240917
555,울산광역시 동구,2022,15749,46210,0.34081367669335644,0.07782613308562243
556,울산광역시 동구,2023,15117,50534,0.2991451300114774,0.09493857033527789
557,울산광역시 동구,2024,14302,54774,0.26110928542739253,0.11532735211509307
558,울산광역시 북구,2022,25498,42940,0.5938053097345133,0.02548446802809988
559,울산광역시 북구,2023,23699,46646,0.5080607126012948,0.03738453871839463
560,울산광역시 북구,2024,22769,50862,0.4476623019149856,0.04850343914562691
561,울산광역시 울주군,2022,21658,75310,0.2875846501128668,0.10056497145495993
562,울산광역시 울주군,2023,20475,80308,0.2549559197091199,0.11919750193918782
563,울산광역시 울주군,2024,20063,85794,0.23385085204093525,0.13401876306910585
564,울산광역시 중구,2022,21192,74112,0.2859455958549223,0.10139951054397853
565,울산광역시 중구,2023,20810,78804,0.2640728897010304,0.11352774979234609
566,울산광역시 중구,2024,20165,83848,0.24049470470374965,0.129072491187132
567,인천광역시 강화군,2022,4528,49408,0.09164507772020726,0.41184393882134246
568,인천광역시 강화군,2023,4243,51246,0.08279670608437732,0.460669092432718
569,인천광역시 강화군,2024,4142,53888,0.07686312351543943,0.4997071651195945
570,인천광역시 계양구,2022,36079,87102,0.414215517439324,0.05605575161912668
571,인천광역시 계양구,2023,33816,93722,0.36081176244638397,0.07101697853706174
572,인천광역시 계양구,2024,33517,101900,0.3289205103042198,0.08226827052815625
573,인천광역시 남동구,2022,62332,159370,0.39111501537303134,0.0620260086930869
574,인천광역시 남동구,2023,57989,170280,0.3405508574113225,0.07792094451603866
575,인천광역시 남동구,2024,55985,182212,0.30725199218492744,0.09124557625256288
576,인천광역시 동구,2022,5687,29302,0.19408231520032762,0.17070618198127305
577,인천광역시 동구,2023,5848,30388,0.19244438594181915,0.17254232454088275
578,인천광역시 동구,2024,5619,31516,0.17829039218174894,0.18981454927413635
579,인천광역시 미추홀구,2022,51111,150938,0.33862248075368695,0.07862110334166147
580,인천광역시 미추홀구,2023,49892,159118,0.31355346346736385,0.08850691625430962
581,인천광역시 미추홀구,2024,50162,168260,0.2981219541186259,0.09541894143308716
582,인천광역시 부평구,2022,64319,162368,0.3961310110366575,0.0606704563644201
583,인천광역시 부평구,2023,64754,173710,0.3727707098036958,0.06729415069519838
584,인천광역시 부평구,2024,63642,185460,0.34315755418958266,0.07698700781962961
585,인천광역시 서구,2022,78080,139046,0.5615407850639357,0.029535842214322802
586,인천광역시 서구,2023,82806,154108,0.5373244737456848,0.032896254246738185
587,인천광역시 서구,2024,82798,168866,0.4903177667499674,0.040366726253661556
588,인천광역시 서구검단출장소,2022,0,0,,1.0
589,인천광역시 서구검단출장소,2023,0,0,,1.0
590,인천광역시 서구검단출장소,2024,0,0,,1.0
591,인천광역시 연수구,2022,50030,87500,0.5717714285714286,0.028201701420332903
592,인천광역시 연수구,2023,49727,94888,0.5240599443554507,0.03486857127693367
593,인천광역시 연수구,2024,50268,103640,0.48502508683905826,0.041298555343373775
594,인천광역시 옹진군,2022,1364,12168,0.11209730440499671,0.3284875769688973
595,인천광역시 옹진군,2023,1267,12842,0.09866064475938327,0.3793567485054533
596,인천광역시 옹진군,2024,1258,13460,0.09346210995542348,0.4029617423845497
597,인천광역시 중구,2022,20300,46332,0.43814210480877147,0.05053571610337239
598,인천광역시 중구,2023,21351,49432,0.43192668716620813,0.051910858761268136
599,인천광역시 중구,2024,22841,52822,0.4324145242512589,0.05180149662942696
600,인천광역시 중구영종출장소,2022,0,0,,1.0
601,인천광역시 중구영종출장소,2023,0,0,,1.0
602,인천광역시 중구영종출장소,2024,0,0,,1.0
603,인천광역시 중구용유출장소,2022,0,0,,1.0
604,인천광역시 중구용유출장소,2023,0,0,,1.0
605,인천광역시 중구용유출장소,2024,0,0,,1.0
606,전라남도 강진군,2022,2136,24532,0.08706994945377466,0.43585040884145754
607,전라남도 강진군,2023,2042,24984,0.08173230867755363,0.46725475460199023
608,전라남도 강진군,2024,1965,25358,0.07749033835475984,0.4952980320593992
609,전라남도 고흥군,2022,2994,53378,0.05609052418599423,0.7014442697094017
610,전라남도 고흥군,2023,2909,54060,0.05381058083610803,0.7330720959649921
611,전라남도 고흥군,2024,2755,54934,0.05015109039938836,0.7898494335240605
612,전라남도 곡성군,2022,1665,20718,0.08036490008688098,0.4759712237065255
613,전라남도 곡성군,2023,1609,21132,0.07614045050160893,0.5048774066654251
614,전라남도 곡성군,2024,1567,21512,0.07284306433618445,0.5297699131486036
615,전라남도 광양시,2022,16358,44618,0.36662333587341434,0.06917749712218098
616,전라남도 광양시,2023,15850,47254,0.3354213399923816,0.07980115429914343
617,전라남도 광양시,2024,15880,50212,0.31625906157890543,0.0873645347220901
618,전라남도 구례군,2022,1388,18116,0.07661735482446456,0.5014545309542409
619,전라남도 구례군,2023,1355,18468,0.0733701537795105,0.5256405873611654
620,전라남도 구례군,2024,1297,18930,0.06851558372952984,0.5660743770218593
621,전라남도 나주시,2022,12250,54896,0.22314922763042844,0.14260529574323336
622,전라남도 나주시,2023,12234,56416,0.21685337492909812,0.14805277332811012
623,전라남도 나주시,2024,11943,58214,0.20515683512557117,0.15906075489234964
624,전라남도 담양군,2022,3378,30092,0.11225574903628871,0.32796037595885114
625,전라남도 담양군,2023,3230,30726,0.10512269738983271,0.35326924549529093
626,전라남도 담양군,2024,3043,31750,0.09584251968503937,0.39183519608249107
627,전라남도 목포시,2022,22649,81516,0.27784729378281564,0.10566733802867131
628,전라남도 목포시,2023,21591,84808,0.2545868314309971,0.11943558674669666
629,전라남도 목포시,2024,20422,88804,0.22996711859826133,0.13704252211928175
630,전라남도 무안군,2022,9472,36816,0.2572794437201217,0.11771437117520031
631,전라남도 무안군,2023,9248,37962,0.2436120330857173,0.1268446677638066
632,전라남도 무안군,2024,9600,39140,0.2452733776188043,0.1256805068190017
633,전라남도 보성군,2022,2022,31632,0.0639226100151745,0.6099832778277539
634,전라남도 보성군,2023,1926,31876,0.06042163383109549,0.6479361510095636
635,전라남도 보성군,2024,1828,32462,0.056311995564044114,0.6985084481320858
636,전라남도 순천시,2022,31240,95966,0.3255319592355626,0.08359331945474274
637,전라남도 순천시,2023,30583,100870,0.30319222761970854,0.09307027235335605
638,전라남도 순천시,2024,29802,106664,0.2794007350183755,0.10482949322494586
639,전라남도 신안군,2022,1820,29270,0.062179706183805944,0.6283432799276918
640,전라남도 신안군,2023,1806,29798,0.06060809450298678,0.645804252054117
641,전라남도 신안군,2024,1782,30552,0.05832678711704635,0.6728243916758323
642,전라남도 여수시,2022,26963,117442,0.22958566781900852,0.13734502565583373
643,전라남도 여수시,2023,25762,122114,0.21096680151334,0.15344024162439265
644,전라남도 여수시,2024,24708,127540,0.19372745805237573,0.17110134735283586
645,전라남도 영광군,2022,4232,31942,0.13249013837580614,0.27099638311433366
646,전라남도 영광군,2023,4149,32528,0.12755164781111658,0.28323203374523764
647,전라남도 영광군,2024,4240,33328,0.12722035525684108,0.28408684742681395
648,전라남도 영암군,2022,3780,29824,0.12674356223175964,0.2853249306742795
649,전라남도 영암군,2023,3743,30562,0.12247235128591061,0.2968459133270688
650,전라남도 영암군,2024,3554,31246,0.11374255904755809,0.3230847951787703
651,전라남도 완도군,2022,2869,33054,0.08679736189266049,0.4373606061185734
652,전라남도 완도군,2023,2695,33510,0.08042375410325275,0.4755899579316128
653,전라남도 완도군,2024,2553,34136,0.07478907897820483,0.5148136816681641
654,전라남도 장성군,2022,2998,27738,0.10808277453313145,0.3423610599783726
655,전라남도 장성군,2023,2861,28268,0.10120984859204754,0.36866766905656223
656,전라남도 장성군,2024,2845,28886,0.09849061829259849,0.38008937088965433
657,전라남도 장흥군,2022,2237,26094,0.08572851996627577,0.4433748923939388
658,전라남도 장흥군,2023,2140,26508,0.08073034555605854,0.4736128000195074
659,전라남도 장흥군,2024,2062,26938,0.07654614299502562,0.5019629293169956
660,전라남도 진도군,2022,1848,21052,0.08778263347900438,0.4319462939195501
661,전라남도 진도군,2023,1791,21334,0.08395050154682666,0.45371893025285837
662,전라남도 진도군,2024,1774,21458,0.08267312890297325,0.4614249906448779
663,전라남도 함평군,2022,1697,24084,0.07046171732270387,0.5491959282407202
664,전라남도 함평군,2023,1687,24636,0.06847702549115116,0.5664184775993113
665,전라남도 함평군,2024,1630,24808,0.06570461141567237,0.5922184845826199
666,전라남도 해남군,2022,4095,45760,0.08948863636363637,0.4228533244670221
667,전라남도 해남군,2023,3870,46538,0.08315784949933387,0.45847292292228864
668,전라남도 해남군,2024,3619,47494,0.07619909883353687,0.5044541606736488
669,전라남도 화순군,2022,5186,35300,0.14691218130311615,0.2399730904437224
670,전라남도 화순군,2023,5080,36310,0.13990636188377858,0.25424447586791754
671,전라남도 화순군,2024,5019,37498,0.13384713851405408,0.2677924037222094
672,전라북도 고창군,2022,3160,38690,0.08167485138278625,0.46761513861899845
673,전라북도 고창군,2023,3001,39638,0.07571017710278016,0.5080026026651587
674,전라북도 군산시,2022,25215,109670,0.22991702379866874,0.13708219175729766
675,전라북도 군산시,2023,24107,113776,0.2118812403318802,0.15258369601055607
676,전라북도 김제시,2022,6016,54918,0.10954514002694928,0.3371896520361271
677,전라북도 김제시,2023,5983,55836,0.10715309119564438,0.3457221204406787
678,전라북도 남원시,2022,5808,47332,0.12270768190653258,0.2961902647857262
679,전라북도 남원시,2023,5496,48212,0.11399651539035925,0.3222647326656369
680,전라북도 무주군,2022,1373,16772,0.0818626281898402,0.4664392386458713
681,전라북도 무주군,2023,1342,17090,0.07852545348156817,0.488175521336874
682,전라북도 부안군,2022,3173,35812,0.08860158606053836,0.4275375880933622
683,전라북도 부안군,2023,2979,36448,0.0817328797190518,0.46725117545471256
684,전라북도 순창군,2022,1616,19266,0.08387833489048065,0.45414803760444905
685,전라북도 순창군,2023,1679,19534,0.08595269786014129,0.4421010655032936
686,전라북도 완주군,2022,8213,45846,0.1791432186014047,0.18869656730418968
687,전라북도 완주군,2023,9035,48326,0.1869594007366635,0.17892533231973393
688,전라북도 익산시,2022,27691,119720,0.231298028733712,0.1359948786163146
689,전라북도 익산시,2023,26740,123698,0.21617164384226098,0.14866167989013573
690,전라북도 임실군,2022,1555,20518,0.07578711375377717,0.5074411849471108
691,전라북도 임실군,2023,1471,20700,0.07106280193236715,0.5441696963191314
692,전라북도 장수군,2022,1219,15694,0.07767299604944565,0.49402739117736943
693,전라북도 장수군,2023,1150,16050,0.07165109034267912,0.539332122240977
694,전라북도 전주시,2022,80671,214304,0.37643254442287594,0.0662015228878721
695,전라북도 전주시,2023,77771,222878,0.3489397787130179,0.07496513714641777
696,전라북도 전주시 덕진구,2022,39583,97416,0.4063295557197996,0.05801754088320646
697,전라북도 전주시 덕진구,2023,38302,101034,0.3791001049151771,0.06541885831572954
698,전라북도 전주시 완산구,2022,41088,116888,0.3515159811101225,0.0740857362759825
699,전라북도 전주시 완산구,2023,39469,121844,0.3239305997833295,0.08422915629493993
700,전라북도 정읍시,2022,8052,62562,0.12870432530929318,0.2802921438455482
701,전라북도 정읍시,2023,7728,63668,0.12137965697053466,0.2999235488704338
702,전라북도 진안군,2022,1417,18504,0.07657803718115003,0.5017351121493123
703,전라북도 진안군,2023,1397,18846,0.07412713573172026,0.5198129657739379
704,전북특별자치도 고창군,2024,2858,40388,0.07076359314647915,0.5466609881533879
705,전북특별자치도 군산시,2024,23298,118618,0.19641201166770642,0.16814731447213443
706,전북특별자치도 김제시,2024,5811,57014,0.10192233486512085,0.36577574536530366
707,전북특별자치도 남원시,2024,5301,49614,0.10684484218164228,0.3468494370265469
708,전북특별자치도 무주군,2024,1296,17482,0.07413339434847271,0.5197652799028849
709,전북특별자치도 부안군,2024,2743,37070,0.07399514432155382,0.5208205182964594
710,전북특별자치도 순창군,2024,1685,20222,0.0833250914845218,0.4574623474996306
711,전북특별자치도 완주군,2024,9265,50410,0.18379289823447728,0.1827837236118407
712,전북특별자치도 익산시,2024,26008,129174,0.2013408271014291,0.16292882117001656
713,전북특별자치도 임실군,2024,1404,21216,0.0661764705882353,0.5876747242444071
714,전북특별자치도 장수군,2024,1094,16474,0.06640767269637003,0.5854719378007822
715,전북특별자치도 전주시,2024,75214,234578,0.32063535369898283,0.08555755039393198
716,전북특별자치도 전주시 덕진구,2024,37355,106338,0.351285523519344,0.07416387892992916
717,전북특별자치도 전주시 완산구,2024,37859,128240,0.2952199001871491,0.09679954298586055
718,전북특별자치도 정읍시,2024,7349,65150,0.11280122793553339,0.32615670213395853
719,전북특별자치도 진안군,2024,1341,19430,0.06901698404529079,0.5616347986138492
720,제주특별자치도 서귀포시,2022,17703,76462,0.23152677146818026,0.13581603368836598
721,제주특별자치도 서귀포시,2023,16755,79682,0.21027333651263774,0.15409477031677818
722,제주특별자치도 서귀포시,2024,15942,83020,0.19202601782702963,0.17301634351159087
723,제주특별자치도 제주시,2022,57958,153612,0.37730125250631463,0.06594542799405241
724,제주특별자치도 제주시,2023,56207,161048,0.34900774924246186,0.07494176828418528
725,제주특별자치도 제주시,2024,54609,169184,0.322778749763571,0.08469041172370248
726,충청남도 계룡시,2022,4431,11904,0.3722278225806452,0.0674579686406596
727,충청남도 계룡시,2023,4763,13054,0.3648690056687605,0.06972660380555833
728,충청남도 계룡시,2024,4657,13966,0.33345267077187457,0.08053812517977163
729,충청남도 공주시,2022,8910,58812,0.15149969394001225,0.23134310272177422
730,충청남도 공주시,2023,8920,60912,0.1464407670081429,0.24089054679726757
731,충청남도 공주시,2024,8883,63346,0.1402298487670887,0.2535541069766277
732,충청남도 금산군,2022,2959,34106,0.08675892804785082,0.43757430172640766
733,충청남도 금산군,2023,2902,35116,0.0826403918441736,0.4616256157987945
734,충청남도 금산군,2024,2824,35970,0.07850986933555741,0.48828136156509555
735,충청남도 논산시,2022,9040,65164,0.13872690442575655,0.256788882909629
736,충청남도 논산시,2023,8530,66840,0.12761819269898264,0.2830608673514414
737,충청남도 논산시,2024,8147,69108,0.117887943508711,0.3101406046997932
738,충청남도 당진시,2022,15180,67716,0.22417153996101363,0.14174961806548705
739,충청남도 당진시,2023,14761,70418,0.20961969950864837,0.15471567194319735
740,충청남도 당진시,2024,14574,73630,0.19793562406627732,0.1665064037362825
741,충청남도 보령시,2022,7415,55428,0.13377715234177673,0.2679560566088893
742,충청남도 보령시,2023,6988,56978,0.12264382744217066,0.29636791931560147
743,충청남도 보령시,2024,6564,58832,0.11157193364155561,0.33024638418401014
744,충청남도 부여군,2022,3740,47266,0.07912664494562688,0.4841243364133336
745,충청남도 부여군,2023,3483,48014,0.07254134210855168,0.5321606731357575
746,충청남도 부여군,2024,3256,48960,0.06650326797385621,0.5845656259526566
747,충청남도 서산시,2022,16376,70506,0.2322639208010666,0.13524208247964145
748,충청남도 서산시,2023,15609,73518,0.21231535134252835,0.15217965135669567
749,충청남도 서산시,2024,14938,77090,0.1937735114800882,0.17104998098739518
750,충청남도 서천군,2022,2758,39126,0.070490211112815,0.5489557295406851
751,충청남도 서천군,2023,2624,39820,0.0658965344048217,0.5903625142080762
752,충청남도 서천군,2024,2506,40510,0.06186126882251296,0.6318095228377072
753,충청남도 아산시,2022,39126,93778,0.41721939047537804,0.05532798322568243
754,충청남도 아산시,2023,40351,99096,0.4071910067005732,0.057799540907240335
755,충청남도 아산시,2024,41256,105564,0.39081505058542687,0.06210817560659958
756,충청남도 예산군,2022,5271,52042,0.10128357864801507,0.36836651742713283
757,충청남도 예산군,2023,5419,53470,0.10134654946699084,0.368109659008992
758,충청남도 예산군,2024,5455,55042,0.09910613713164493,0.37744910050806385
759,충청남도 천안시,2022,89209,161062,0.5538798723472949,0.03056714476723367
760,충청남도 천안시,2023,86487,171222,0.5051161649787994,0.03786495107481476
761,충청남도 천안시,2024,85343,184372,0.4628848198207971,0.045427586695516664
762,충청남도 천안시 동남구,2022,30227,82148,0.367957832205288,0.06876330513314054
763,충청남도 천안시 동남구,2023,29961,86930,0.3446566202691821,0.07645631519108527
764,충청남도 천안시 동남구,2024,30308,93306,0.32482369836880803,0.08387376876386846
765,충청남도 천안시 서북구,2022,58982,78914,0.7474212433788682,0.010992438257107419
766,충청남도 천안시 서북구,2023,56526,84292,0.6705974469700565,0.01741001245740717
767,충청남도 천안시 서북구,2024,55035,91066,0.6043419058704675,0.02425511670137466
768,충청남도 청양군,2022,1838,22990,0.07994780339277947,0.47868932895740485
769,충청남도 청양군,2023,1822,23564,0.07732133763367849,0.49647901631722774
770,충청남도 청양군,2024,1746,24142,0.0723220942755364,0.5339104440626172
771,충청남도 태안군,2022,3726,41888,0.0889514896867838,0.42567868740539094
772,충청남도 태안군,2023,3478,43410,0.08011978806726561,0.4775651229856615
773,충청남도 태안군,2024,3386,44814,0.07555674565983844,0.5091256274214935
774,충청남도 홍성군,2022,8549,50418,0.16956245785235433,0.20190260054058104
775,충청남도 홍성군,2023,8220,51930,0.1582900057770075,0.2194874099753915
776,충청남도 홍성군,2024,8464,54090,0.15647994083934183,0.2225471494846909
777,충청북도 괴산군,2022,1900,27872,0.06816877152698048,0.5691833862184486
778,충청북도 괴산군,2023,1754,28936,0.060616533038429635,0.645708080236941
779,충청북도 괴산군,2024,1679,30030,0.05591075591075591,0.7038443769982221
780,충청북도 단양군,2022,1566,19292,0.08117354343769438,0.47078108967852167
781,충청북도 단양군,2023,1510,20106,0.07510195961404556,0.5124813425397285
782,충청북도 단양군,2024,1404,20964,0.06697195191757298,0.580159604589545
783,충청북도 보은군,2022,1696,23568,0.07196198234894773,0.5368075598958859
784,충청북도 보은군,2023,1623,24342,0.06667488291841261,0.5829451136879187
785,충청북도 보은군,2024,1534,25056,0.06122286079182631,0.6388673068812405
786,충청북도 영동군,2022,2785,31506,0.08839586110582111,0.42863739391713546
787,충청북도 영동군,2023,2615,32288,0.0809898414271556,0.471951050511854
788,충청북도 영동군,2024,2476,33214,0.07454687782260493,0.5166325909273366
789,충청북도 옥천군,2022,3289,32500,0.1012,0.3687079290154816
790,충청북도 옥천군,2023,3107,33290,0.09333133072994894,0.4035894800507304
791,충청북도 옥천군,2024,2979,34380,0.08664921465968586,0.43818536092424015
792,충청북도 음성군,2022,7522,43496,0.17293544233952549,0.1970864162327003
793,충청북도 음성군,2023,7216,45530,0.15848890841203603,0.21915544624655325
794,충청북도 음성군,2024,7103,47812,0.14856103070358906,0.2368099334556355
795,충청북도 제천시,2022,11752,64196,0.1830643653810206,0.18369033061060666
796,충청북도 제천시,2023,11512,67342,0.1709482937839684,0.19990080457085402
797,충청북도 제천시,2024,11005,70580,0.15592235760838766,0.2235040022245106
798,충청북도 증평군,2022,3801,14502,0.2621017790649566,0.11472014351624266
799,충청북도 증평군,2023,3771,15352,0.24563574778530484,0.12542867365617252
800,충청북도 증평군,2024,3608,16044,0.224881575666916,0.14115989474145293
801,충청북도 진천군,2022,8686,30530,0.28450704225352114,0.10213988611865243
802,충청북도 진천군,2023,8342,31816,0.2621951219512195,0.11466327274524271
803,충청북도 진천군,2024,8140,33478,0.2431447517772866,0.1271749743549652
804,충청북도 청주시,2022,106377,253676,0.41934199530109273,0.054820012397295975
805,충청북도 청주시,2023,105060,268554,0.39120623785160524,0.062001045848410416
806,충청북도 청주시,2024,103942,284884,0.36485727524185285,0.0697302932102941
807,충청북도 청주시 상당구,2022,22584,66260,0.340839118623604,0.07781696273214189
808,충청북도 청주시 상당구,2023,22731,70702,0.32150434216853835,0.08520459629376709
809,충청북도 청주시 상당구,2024,21735,74266,0.2926642070395605,0.09803804276921962
810,충청북도 청주시 서원구,2022,22790,65186,0.34961494799496823,0.07473341119837262
811,충청북도 청주시 서원구,2023,21802,68252,0.3194338627439489,0.08604871901406244
812,충청북도 청주시 서원구,2024,20753,71748,0.2892484807938897,0.09972749075603579
813,충청북도 청주시 청원구,2022,24228,55302,0.4381035043940545,0.05054413592168398
814,충청북도 청주시 청원구,2023,23051,57974,0.3976092731224342,0.0602774871233034
815,충청북도 청주시 청원구,2024,22372,61322,0.3648282834871661,0.06973941259333365
816,충청북도 청주시 흥덕구,2022,36775,66928,0.5494710733923022,0.03117368881367752
817,충청북도 청주시 흥덕구,2023,37476,71626,0.5232178259291319,0.034997162740327756
818,충청북도 청주시 흥덕구,2024,39082,77548,0.5039717336359416,0.03805318364150587
819,충청북도 충주시,2022,19580,91812,0.21326188297825993,0.15130437950000447
820,충청북도 충주시,2023,19156,95934,0.1996789459420018,0.16465958697929345
821,충청북도 충주시,2024,18738,100830,0.18583754834870575,0.18027727229163476
