,결합행정구역,다세대주택,단독주택,폐가지수_2023_raw,폐가지수_2023,폐가지수_2023_순위
0,제주특별자치도 제주시,5103.0,7418.0,6492.0,1.0,1.0
1,경기도 평택시,7439.0,2049.0,4205.0,0.6477202711028959,2.0
2,경상북도 경주시,866.0,5672.0,3749.6,0.5775723967960567,3.0
3,부산광역시 남구,4419.0,3281.0,3736.2,0.5755083179297596,4.0
4,경상남도 창원시,822.0,5494.0,3625.2000000000003,0.5584103512014789,5.0
5,경상북도 포항시,1691.0,4886.0,3608.0,0.5557609365372767,6.0
6,부산광역시 부산진구,4631.0,2814.0,3540.8,0.5454097350585336,7.0
7,경기도 안산시,8618.0,153.0,3539.0000000000005,0.5451324707332103,8.0
8,인천광역시 미추홀구,6854.0,1292.0,3516.8,0.5417128773875539,9.0
9,전라남도 여수시,496.0,5289.0,3371.8,0.5193776956253852,10.0
10,경기도 부천시,7982.0,204.0,3315.2000000000003,0.5106592729513247,11.0
11,전라남도 고흥군,274.0,5110.0,3175.6,0.48915588416512634,12.0
12,충청북도 청주시,940.0,4512.0,3083.2,0.4749229821318546,13.0
13,전라남도 순천시,515.0,4773.0,3069.7999999999997,0.4728589032655576,14.0
14,제주특별자치도 서귀포시,1865.0,3812.0,3033.2,0.4672211953173136,15.0
15,경기도 양평군,1032.0,4324.0,3007.2000000000003,0.4632162661737524,16.0
16,경상북도 안동시,344.0,4679.0,2945.0,0.4536352433764634,17.0
17,경상남도 남해군,173.0,4619.0,2840.6,0.4375539125077018,18.0
18,인천광역시 남동구,6549.0,310.0,2805.6000000000004,0.43216266173752316,19.0
19,전라북도 군산시,499.0,4308.0,2784.3999999999996,0.4288971041281577,20.0
20,경상남도 거제시,1007.0,3916.0,2752.4,0.42396796056685154,21.0
21,인천광역시 부평구,4902.0,1225.0,2695.8,0.4152495378927912,22.0
22,경상남도 진주시,350.0,4024.0,2554.4,0.3934688847812693,23.0
23,경상남도 밀양시,275.0,4029.0,2527.4,0.38930991990141717,24.0
24,경상북도 상주시,163.0,4029.0,2482.6,0.38240911891558843,25.0
25,전라남도 나주시,199.0,3963.0,2457.3999999999996,0.37852741836105974,26.0
26,경상남도 합천군,76.0,4036.0,2452.0,0.3776956253850894,27.0
27,충청북도 충주시,1094.0,3252.0,2388.7999999999997,0.3679605668515095,28.0
28,인천광역시 서구,5753.0,136.0,2382.8,0.3670363524337647,29.0
29,경기도 안산시 상록구,5929.0,11.0,2378.2,0.36632778804682686,30.0
30,인천광역시 강화군,786.0,3385.0,2345.4,0.36127541589648804,31.0
31,경상북도 청도군,103.0,3740.0,2285.2,0.35200246457178064,32.0
32,전라북도 전주시,1565.0,2707.0,2250.2,0.346611213801602,33.0
33,경상북도 김천시,245.0,3555.0,2231.0,0.3436537276648183,34.0
34,전라북도 익산시,376.0,3266.0,2110.0,0.32501540357362907,35.0
35,전라남도 무안군,131.0,3377.0,2078.6,0.32017868145409734,36.0
36,전라북도 정읍시,116.0,3345.0,2053.4,0.3162969808995687,37.0
37,서울특별시 강남구,5106.0,10.0,2048.4,0.31552680221811463,38.0
38,경기도 광주시,4094.0,610.0,2003.6000000000001,0.30862600123228595,39.0
39,서울특별시 은평구,3889.0,733.0,1995.4,0.3073629081947012,40.0
40,경상남도 통영시,269.0,3136.0,1989.1999999999998,0.3064078866296981,41.0
41,경상북도 구미시,1650.0,2202.0,1981.2,0.30517560073937156,42.0
42,경기도 용인시,4232.0,438.0,1955.6000000000001,0.3012322858903266,43.0
43,강원특별자치도 강릉시,427.0,2967.0,1951.0,0.3005237215033888,44.0
44,서울특별시 강서구,4801.0,32.0,1939.6000000000001,0.29876771410967345,45.0
45,경상북도 포항시 북구,785.0,2679.0,1921.3999999999999,0.2959642637091805,46.0
46,경상남도 고성군,228.0,3044.0,1917.6,0.2953789279112754,47.0
47,전라남도 해남군,67.0,3122.0,1899.9999999999998,0.29266789895255696,48.0
48,경기도 화성시,3609.0,753.0,1895.4,0.29195933456561923,49.0
49,경상남도 창원시 마산합포구,126.0,3073.0,1894.2,0.29177449168207026,50.0
50,부산광역시 영도구,889.0,2547.0,1883.8000000000002,0.2901725200246458,51.0
51,전라남도 목포시,349.0,2884.0,1869.9999999999998,0.2880468268638324,52.0
52,경기도 수원시,4395.0,180.0,1866.0,0.28743068391866916,53.0
53,경상남도 사천시,212.0,2948.0,1853.6,0.28552064078866296,54.0
54,경상북도 의성군,133.0,2993.0,1849.0,0.28481207640172523,55.0
55,부산광역시 사하구,1844.0,1797.0,1815.8000000000002,0.27969808995687,56.0
56,충청남도 서천군,250.0,2851.0,1810.6,0.2788971041281577,57.0
57,경기도 가평군,909.0,2370.0,1785.6,0.27504621072088725,58.0
58,전라북도 고창군,75.0,2880.0,1758.0,0.2707948243992606,59.0
59,경상남도 창녕군,226.0,2759.0,1745.8,0.26891558841651264,60.0
60,전라북도 김제시,65.0,2842.0,1731.2,0.26666666666666666,61.0
61,부산광역시 금정구,2305.0,1333.0,1721.8,0.265218730745533,62.0
62,전라북도 부안군,167.0,2756.0,1720.3999999999999,0.2650030807147258,63.0
63,경기도 광명시,3322.0,651.0,1719.4,0.26484904497843503,64.0
64,경상북도 포항시 남구,906.0,2207.0,1686.6000000000001,0.25979667282809615,65.0
65,충청남도 논산시,268.0,2618.0,1678.0,0.2584719654959951,66.0
66,부산광역시 해운대구,2675.0,1013.0,1677.8,0.25844115834873693,67.0
67,경기도 파주시,3095.0,700.0,1658.0,0.2553912507701787,68.0
68,충청남도 홍성군,505.0,2413.0,1649.8,0.25412815773259395,69.0
69,강원특별자치도 홍천군,158.0,2631.0,1641.8,0.2528958718422674,70.0
70,경상남도 거창군,148.0,2573.0,1603.0,0.2469192852741836,71.0
71,강원특별자치도 원주시,345.0,2419.0,1589.3999999999999,0.24482439926062846,72.0
72,전라남도 화순군,28.0,2625.0,1586.2,0.24433148490449785,73.0
73,경상남도 함양군,66.0,2591.0,1581.0,0.24353049907578558,74.0
74,충청남도 천안시,2717.0,810.0,1572.8,0.24226740603820088,75.0
75,경상남도 산청군,58.0,2563.0,1561.0,0.2404497843499692,76.0
76,경상북도 영덕군,146.0,2500.0,1558.4,0.2400492914356131,77.0
77,경상북도 문경시,214.0,2451.0,1556.1999999999998,0.23971041281577324,78.0
78,충청북도 제천시,120.0,2503.0,1549.8,0.23872458410351202,79.0
79,울산광역시 울주군,815.0,2038.0,1548.8,0.2385705483672212,80.0
80,전라남도 강진군,84.0,2505.0,1536.6,0.2366913123844732,81.0
81,경기도 성남시,1065.0,1842.0,1531.2,0.23585951940850278,82.0
82,경기도 용인시 처인구,3244.0,363.0,1515.4,0.23342575477510785,83.0
83,경기도 남양주시,2703.0,707.0,1505.4,0.23188539741219966,84.0
84,충청남도 예산군,794.0,1979.0,1505.0,0.2318237831176833,85.0
85,충청남도 부여군,166.0,2364.0,1484.8,0.22871226124460875,86.0
86,경상북도 울진군,290.0,2271.0,1478.6,0.22775723967960568,87.0
87,경상북도 예천군,140.0,2353.0,1467.8,0.22609365372766482,88.0
88,전라북도 남원시,92.0,2377.0,1463.0,0.2253542821934689,89.0
89,인천광역시 동구,519.0,2065.0,1446.6,0.22282809611829943,90.0
90,전라남도 완도군,99.0,2331.0,1438.1999999999998,0.22153419593345655,91.0
91,부산광역시 동구,605.0,1969.0,1423.3999999999999,0.21925446703635243,92.0
92,충청남도 공주시,334.0,2144.0,1419.9999999999998,0.21873074553296362,93.0
93,전라남도 보성군,30.0,2344.0,1418.3999999999999,0.21848428835489833,94.0
94,부산광역시 수영구,2765.0,480.0,1394.0,0.21472581638940236,95.0
95,경기도 시흥시,3418.0,22.0,1380.4,0.2126309303758472,96.0
96,경기도 성남시 중원구,759.0,1782.0,1372.8000000000002,0.21146025878003702,97.0
97,경상남도 하동군,70.0,2234.0,1368.3999999999999,0.21078250154035735,98.0
98,충청남도 보령시,290.0,2001.0,1316.6,0.2028034504004929,99.0
99,전라남도 담양군,112.0,2105.0,1307.8,0.2014479359211337,100.0
100,충청남도 금산군,211.0,2036.0,1306.0,0.20117067159581023,101.0
101,강원특별자치도 횡성군,90.0,2107.0,1300.2,0.2002772643253235,102.0
102,경기도 고양시,2978.0,149.0,1280.6000000000001,0.19725816389402345,103.0
103,충청남도 아산시,1505.0,1130.0,1280.0,0.19716574245224894,104.0
104,경상남도 김해시,1075.0,1416.0,1279.6,0.1971041281577326,105.0
105,부산광역시 동래구,2240.0,625.0,1271.0,0.19577942082563154,106.0
106,부산광역시 서구,1362.0,1196.0,1262.4,0.19445471349353052,107.0
107,서울특별시 서초구,2759.0,252.0,1254.8000000000002,0.1932840418977203,108.0
108,울산광역시 남구,1715.0,915.0,1235.0,0.19023413431916206,109.0
109,강원특별자치도 춘천시,121.0,1970.0,1230.4,0.1895255699322243,110.0
110,충청남도 서산시,1061.0,1319.0,1215.8,0.18727664818237832,111.0
111,경상북도 경산시,621.0,1583.0,1198.2,0.1845656192236599,112.0
112,부산광역시 연제구,1972.0,676.0,1194.4,0.1839802834257548,113.0
113,경상남도 함안군,150.0,1853.0,1171.8,0.18049907578558225,114.0
114,경기도 안산시 단원구,2689.0,142.0,1160.8000000000002,0.17880468268638328,115.0
115,경상북도 칠곡군,521.0,1583.0,1158.2,0.17840418977202713,116.0
116,경기도 여주시,941.0,1295.0,1153.4,0.1776648182378312,117.0
117,인천광역시 계양구,2827.0,20.0,1142.8,0.1760320394331485,118.0
118,전라남도 광양시,243.0,1742.0,1142.4,0.17597042513863217,119.0
119,전라남도 영암군,110.0,1824.0,1138.3999999999999,0.17535428219346888,120.0
120,전라남도 함평군,31.0,1875.0,1137.4,0.17520024645717808,121.0
121,전라북도 전주시 완산구,759.0,1387.0,1135.8,0.17495378927911276,122.0
122,경상북도 영주시,188.0,1767.0,1135.4,0.17489217498459644,123.0
123,광주광역시 북구,658.0,1444.0,1129.6,0.17399876771410966,124.0
124,전라북도 전주시 덕진구,806.0,1320.0,1114.4,0.17165742452248925,125.0
125,전라남도 장성군,28.0,1833.0,1111.0,0.17113370301910044,126.0
126,경상북도 영천시,168.0,1727.0,1103.4,0.16996303142329022,127.0
127,대구광역시 동구,842.0,1277.0,1103.0,0.16990141712877388,128.0
128,전라남도 장흥군,43.0,1801.0,1097.8,0.1691004313000616,129.0
129,충청남도 태안군,773.0,1314.0,1097.6,0.16906962415280344,130.0
130,충청북도 청주시 서원구,287.0,1618.0,1085.6,0.1672211953173136,131.0
131,전라북도 임실군,103.0,1740.0,1085.2,0.1671595810227973,132.0
132,전라북도 순창군,43.0,1761.0,1073.8,0.16540357362908195,133.0
133,충청북도 보은군,60.0,1749.0,1073.3999999999999,0.1653419593345656,134.0
134,충청북도 영동군,145.0,1689.0,1071.4,0.165033887861984,135.0
135,경상남도 의령군,87.0,1708.0,1059.6,0.16321626617375232,136.0
136,전라북도 완주군,147.0,1666.0,1058.3999999999999,0.16303142329020331,137.0
137,인천광역시 중구,1499.0,734.0,1040.0,0.16019716574245227,138.0
138,강원특별자치도 삼척시,306.0,1473.0,1006.1999999999999,0.15499075785582256,139.0
139,충청북도 옥천군,165.0,1554.0,998.4,0.15378927911275417,140.0
140,전라남도 곡성군,78.0,1611.0,997.8,0.15369685767097968,141.0
141,경기도 포천시,1639.0,550.0,985.6,0.15181762168823168,142.0
142,충청북도 청주시 상당구,221.0,1494.0,984.8,0.15169439309919902,143.0
143,경기도 이천시,2063.0,262.0,982.4000000000001,0.15132470733210107,144.0
144,서울특별시 송파구,2342.0,73.0,980.6,0.15104744300677758,145.0
145,강원특별자치도 평창군,429.0,1342.0,976.8,0.15046210720887246,146.0
146,광주광역시 광산구,270.0,1432.0,967.1999999999999,0.14898336414048058,147.0
147,전라남도 구례군,33.0,1584.0,963.6,0.14842883548983365,148.0
148,전라남도 영광군,76.0,1543.0,956.1999999999999,0.14728897104128158,149.0
149,서울특별시 양천구,2306.0,22.0,935.6000000000001,0.14411583487369073,150.0
150,서울특별시 마포구,2219.0,38.0,910.4,0.14023413431916204,151.0
151,충청남도 천안시 동남구,1364.0,597.0,903.8,0.13921749845964262,152.0
152,경기도 고양시 덕양구,2074.0,110.0,895.6,0.13795440542205792,153.0
153,서울특별시 구로구,2153.0,49.0,890.6,0.13718422674060382,154.0
154,광주광역시 남구,239.0,1312.0,882.8,0.13598274799753543,155.0
155,대구광역시 서구,659.0,1030.0,881.6,0.13579790511398646,156.0
156,충청북도 음성군,592.0,1068.0,877.5999999999999,0.13518176216882316,157.0
157,강원특별자치도 동해시,322.0,1237.0,871.0,0.13416512630930377,158.0
158,충청북도 진천군,1266.0,603.0,868.2,0.13373382624768948,159.0
159,경기도 의정부시,1732.0,276.0,858.4000000000001,0.13222427603203946,160.0
160,경상남도 창원시 진해구,330.0,1210.0,858.0,0.1321626617375231,161.0
161,전라남도 진도군,43.0,1389.0,850.6,0.13102279728897104,162.0
162,경상북도 봉화군,141.0,1314.0,844.8,0.13012939001848428,163.0
163,경기도 동두천시,1500.0,399.0,839.4,0.12929759704251387,164.0
164,대구광역시 달성군,244.0,1226.0,833.2,0.1283425754775108,165.0
165,광주광역시 동구,624.0,944.0,816.0,0.1256931608133087,166.0
166,대전광역시 동구,241.0,1194.0,812.8,0.12520024645717806,167.0
167,경상남도 양산시,524.0,988.0,802.4,0.12359827479975355,168.0
168,울산광역시 중구,753.0,822.0,794.4,0.12236598890942699,169.0
169,서울특별시 용산구,1495.0,324.0,792.4,0.12205791743684535,170.0
170,대전광역시 중구,615.0,910.0,792.0,0.12199630314232902,171.0
171,충청북도 단양군,70.0,1263.0,785.8,0.12104128157732594,172.0
172,충청남도 청양군,113.0,1221.0,777.8000000000001,0.1198089956869994,173.0
173,서울특별시 성북구,1133.0,539.0,776.6,0.11962415280345041,174.0
174,세종특별자치시 세종시,484.0,961.0,770.2,0.11863832409118917,175.0
175,서울특별시 도봉구,1889.0,19.0,767.0,0.11814540973505853,176.0
176,경기도 안양시,1854.0,31.0,760.2,0.11709796672828097,177.0
177,경기도 의왕시,1690.0,135.0,757.0,0.11660505237215034,178.0
178,전라북도 무주군,53.0,1198.0,740.0,0.11398644485520641,179.0
179,충청북도 괴산군,96.0,1157.0,732.5999999999999,0.11284658040665434,180.0
180,서울특별시 강북구,1557.0,179.0,730.2,0.11247689463955639,181.0
181,충청남도 당진시,1037.0,514.0,723.2,0.11139864448552066,182.0
182,경기도 양주시,1600.0,138.0,722.8,0.11133703019100431,183.0
183,강원특별자치도 양양군,125.0,1115.0,719.0,0.1107516943930992,184.0
184,대구광역시 군위군,63.0,1136.0,706.8000000000001,0.10887245841035122,185.0
185,경기도 수원시 권선구,1698.0,41.0,703.8000000000001,0.10841035120147875,186.0
186,전라남도 신안군,35.0,1149.0,703.4,0.10834873690696242,187.0
187,경상북도 청송군,145.0,1060.0,694.0,0.10690080098582871,188.0
188,강원특별자치도 속초시,127.0,1070.0,692.8,0.10671595810227973,189.0
189,부산광역시 중구,1041.0,452.0,687.6,0.10591497227356747,190.0
190,광주광역시 서구,208.0,994.0,679.6,0.10468268638324092,191.0
191,경상북도 성주군,51.0,1088.0,673.1999999999999,0.10369685767097966,192.0
192,충청남도 천안시 서북구,1353.0,213.0,669.0,0.10304990757855823,193.0
193,대전광역시 대덕구,916.0,499.0,665.8,0.1025569932224276,194.0
194,대구광역시 수성구,505.0,771.0,664.5999999999999,0.10237215033887861,195.0
195,서울특별시 서대문구,1229.0,286.0,663.2,0.10215650030807148,196.0
196,강원특별자치도 영월군,158.0,994.0,659.6,0.10160197165742453,197.0
197,대구광역시 북구,348.0,864.0,657.6,0.1012939001848429,198.0
198,경기도 김포시,1282.0,232.0,652.0,0.1004313000616143,199.0
199,경상북도 고령군,73.0,1027.0,645.4,0.09941466420209488,200.0
200,서울특별시 동작구,848.0,505.0,642.2,0.09892174984596427,201.0
201,대전광역시 유성구,1094.0,324.0,632.0,0.0973505853357979,202.0
202,경기도 안성시,1060.0,289.0,597.4,0.09202094886013555,203.0
203,부산광역시 사상구,912.0,375.0,589.8,0.09085027726432532,204.0
204,서울특별시 강동구,1452.0,6.0,584.4000000000001,0.09001848428835492,205.0
205,경상북도 영양군,88.0,911.0,581.8000000000001,0.08961799137399878,206.0
206,대구광역시 중구,167.0,856.0,580.4,0.08940234134319162,207.0
207,강원특별자치도 정선군,170.0,850.0,578.0,0.08903265557609366,208.0
208,경기도 수원시 장안구,1389.0,29.0,573.0,0.08826247689463956,209.0
209,대구광역시 남구,306.0,733.0,562.2,0.08659889094269872,210.0
210,충청북도 청주시 흥덕구,259.0,748.0,552.4,0.08508934072704867,211.0
211,대전광역시 서구,366.0,674.0,550.8,0.08484288354898337,212.0
212,경기도 오산시,1235.0,75.0,539.0,0.0830252618607517,213.0
213,경기도 안양시 만안구,1296.0,29.0,535.8,0.08253234750462107,214.0
214,부산광역시 북구,1050.0,171.0,522.6,0.08049907578558227,215.0
215,서울특별시 노원구,474.0,524.0,504.0,0.07763401109057301,216.0
216,경기도 수원시 팔달구,1063.0,106.0,488.80000000000007,0.07529266789895257,217.0
217,전라북도 진안군,0.0,787.0,472.2,0.07273567467652496,218.0
218,부산광역시 기장군,677.0,325.0,465.8,0.07174984596426372,219.0
219,충청북도 청주시 청원구,173.0,652.0,460.4,0.07091805298829329,220.0
220,서울특별시 종로구,775.0,243.0,455.79999999999995,0.07020948860135551,221.0
221,경상남도 창원시 의창구,99.0,691.0,454.2,0.0699630314232902,222.0
222,전라북도 장수군,19.0,742.0,452.8,0.06974738139248306,223.0
223,강원특별자치도 고성군,44.0,688.0,430.40000000000003,0.0662969808995687,224.0
224,인천광역시 옹진군,374.0,428.0,406.4,0.06260012322858903,225.0
225,경상남도 창원시 마산회원구,265.0,497.0,404.2,0.06226124460874923,226.0
226,울산광역시 동구,584.0,263.0,391.4,0.06028958718422674,227.0
227,경기도 용인시 기흥구,874.0,43.0,375.40000000000003,0.05782501540357364,228.0
228,대구광역시 달서구,300.0,402.0,361.2,0.05563770794824399,229.0
229,경기도 구리시,368.0,288.0,320.0,0.049291435613062234,230.0
230,경기도 고양시 일산동구,706.0,24.0,296.8,0.04571780653111522,231.0
231,경기도 군포시,728.0,9.0,296.59999999999997,0.04568699938385705,232.0
232,강원특별자치도 태백시,34.0,462.0,290.8,0.044793592113370306,233.0
233,서울특별시 금천구,689.0,25.0,290.6,0.04476278496611214,234.0
234,서울특별시 중랑구,681.0,19.0,283.8,0.04371534195933457,235.0
235,강원특별자치도 인제군,75.0,402.0,271.2,0.04177449168207024,236.0
236,인천광역시 연수구,662.0,8.0,269.6,0.04152803450400493,237.0
237,울산광역시 북구,203.0,303.0,263.0,0.040511398644485525,238.0
238,서울특별시 관악구,452.0,135.0,261.8,0.04032655576093654,239.0
239,충청북도 증평군,54.0,342.0,226.79999999999998,0.03493530499075786,240.0
240,경기도 안양시 동안구,558.0,0.0,223.20000000000002,0.034380776340110906,241.0
241,서울특별시 동대문구,423.0,89.0,222.60000000000002,0.03428835489833642,242.0
242,서울특별시 광진구,500.0,17.0,210.2,0.032378311768330253,243.0
243,서울특별시 영등포구,393.0,82.0,206.4,0.031792975970425144,244.0
244,경기도 연천군,294.0,130.0,195.60000000000002,0.030129390018484293,245.0
245,서울특별시 성동구,439.0,20.0,187.60000000000002,0.028897104128157738,246.0
246,경기도 하남시,163.0,140.0,149.2,0.022982131854590263,247.0
247,강원특별자치도 철원군,312.0,14.0,133.20000000000002,0.020517560073937156,248.0
248,부산광역시 강서구,127.0,121.0,123.4,0.019008009858287125,249.0
249,경기도 성남시 수정구,235.0,39.0,117.4,0.018083795440542207,250.0
250,강원특별자치도 화천군,68.0,138.0,110.0,0.016943930991990142,251.0
251,서울특별시 중구,179.0,49.0,101.0,0.015557609365372767,252.0
252,경기도 수원시 영통구,245.0,0.0,98.0,0.01509550215650031,253.0
253,경기도 과천시,230.0,6.0,95.6,0.014725816389402341,254.0
254,경기도 고양시 일산서구,198.0,15.0,88.2,0.013585951940850279,255.0
255,경상북도 울릉군,0.0,135.0,81.0,0.012476894639556377,256.0
256,충청남도 계룡시,139.0,39.0,79.0,0.012168823166974738,257.0
257,경기도 용인시 수지구,114.0,32.0,64.8,0.009981515711645102,258.0
258,경기도 성남시 분당구,71.0,21.0,41.0,0.006315465187923599,259.0
259,강원특별자치도 양구군,19.0,27.0,23.8,0.003666050523721504,260.0
260,경상남도 창원시 성산구,0.0,23.0,13.799999999999999,0.0021256931608133085,261.0
261,경상북도 군위군,0.0,0.0,0.0,0.0,262.0
