행정구역,소멸위험지수_역수처리,다세대주택,단독주택,폐가계산값,폐가지수,방문자,방문자지수,가중치점수,최종점수
전라남도 고흥군,0.8229045949371969,274.0,5110.0,3659.2,0.5442403510076598,16960002.5,0.0317414959034771,5.68376103590201,100.0
경상남도 합천군,0.8570770552090359,76.0,4036.0,2848.0,0.423588904588384,15409614.5,0.0278864118285935,5.500379166153144,97.31940147821896
경상북도 의성군,0.87512283189355,133.0,2993.0,2135.0,0.3175429463820927,17579415.0,0.0332816827886528,5.261679633036723,93.83019277673735
경상남도 남해군,0.753431178299349,173.0,4619.0,3285.2,0.4886145608685953,17572135.0,0.0332635808605773,5.166472412381377,92.4384939392181
경상북도 청도군,0.768226018986754,103.0,3740.0,2648.9,0.393976351602588,18344427.5,0.035183908235339,4.952691333270856,89.31353264706198
경상북도 봉화군,0.8585391599473432,141.0,1314.0,962.1,0.1430951141518554,9086294.0,0.0121632946734458,4.697654552845391,85.5855129821707
경상남도 산청군,0.7565271483210152,58.0,2563.0,1811.5,0.2694281252323939,13204845.5,0.0224041906938214,4.546111735914614,83.37032425273149
전라남도 보성군,0.7245853743580444,30.0,2344.0,1649.8,0.2453781512605042,14669116.0,0.0260451411435616,4.306971043284611,79.87466686828249
경상북도 영덕군,0.7163326381880073,146.0,2500.0,1793.8,0.266795567784636,19867820.0,0.0389718672278925,4.304106159838159,79.8327892151527
경상북도 청송군,0.7960693477860558,145.0,1060.0,785.5,0.1168290324979549,10991162.0,0.0168998034000068,4.2970342296241295,79.72941473378316
경상남도 하동군,0.7121710906597194,70.0,2234.0,1584.8,0.2357105674128058,14749392.0,0.0262447497119944,4.215497656113025,78.53754762759499
충청남도 서천군,0.6580964771103197,250.0,2851.0,2070.7,0.307979474975831,23926602.0,0.049064144678198,4.116292521122696,77.08740897118174
경상남도 의령군,0.7091434081011301,87.0,1708.0,1221.6999999999998,0.1817059567189707,9964346.0,0.0143465960677547,4.0621417185270525,76.29585546815592
경상북도 영양군,0.7455030289348226,88.0,911.0,664.0999999999999,0.0987729605116382,4797310.0,0.0014986133705522,4.020836799467923,75.69207765127676
전라남도 신안군,0.7221233514867089,35.0,1149.0,814.8,0.1211868818323789,13578208.0,0.0233325672214446,3.927512268487792,74.32789917423406
충청북도 괴산군,0.7220122874923952,96.0,1157.0,838.6999999999999,0.124741578047148,17408601.0,0.0328569488954808,3.918572273812458,74.19721811757209
충청북도 보은군,0.6495304943371553,60.0,1749.0,1242.3,0.1847698371383952,13541993.5,0.0232425188321189,3.7554769454367243,71.81315966756225
경상남도 고성군,0.5638573779369787,228.0,3044.0,2199.2,0.3270915445824348,19861604.0,0.038956410966228,3.722648701499742,71.33329029830206
전라남도 함평군,0.6304447135911043,31.0,1875.0,1321.8,0.1965940358444262,11028104.5,0.01699166198214,3.70802235152452,71.11948850766525
경상남도 함양군,0.5849122045097387,66.0,2591.0,1833.5,0.2727002305346917,14819861.0,0.0264199728946254,3.6898217683635175,70.8534400897723
경상남도 창녕군,0.5731322794160352,226.0,2759.0,1999.1,0.2973302595374433,21356545.0,0.0426736244908365,3.672304926710833,70.5973863157282
충청남도 부여군,0.5908820983482361,166.0,2364.0,1704.6,0.2535286681044099,28995764.0,0.0616687608769851,3.59165897430044,69.41853793167054
인천광역시 강화군,0.5083200677467747,786.0,3385.0,2605.3,0.3874916338216703,36263027.5,0.0797390192812251,3.544597201636434,68.73060886644564
경상북도 상주시,0.4625121280325713,163.0,4029.0,2869.2,0.4267420242433257,34918457.0,0.0763957063027267,3.43999530028738,67.20158256457755
전라남도 해남군,0.5057838220442321,67.0,3122.0,2205.4999999999995,0.3280285565553655,21325234.0,0.0425957687944116,3.4278132422984333,67.0235103991986
전라남도 구례군,0.5833523792407225,33.0,1584.0,1118.7,0.1663865546218487,11571017.5,0.0183416306740722,3.379238298721014,66.31346244229019
전라남도 강진군,0.5159255177340797,84.0,2505.0,1778.7,0.264549713690786,13947094.0,0.0242498128038714,3.3247771041350136,65.51737176057999
전라남도 완도군,0.5255514248073645,99.0,2331.0,1661.4,0.2471034431471704,17983189.0,0.0342856783802415,3.300496096717851,65.16244227557182
전라남도 곡성군,0.5593740262217005,78.0,1611.0,1151.1,0.1712054733397784,10877800.5,0.0166179267901808,3.277250697547476,64.82265087340295
충청북도 단양군,0.568155429292833,70.0,1263.0,905.1,0.1346173867777199,15690867.5,0.0285857554518112,3.1874577958937027,63.5100962584393
경상북도 성주군,0.5788248947815474,51.0,1088.0,776.8999999999999,0.1155499367888748,16686614.0,0.031061707584291,3.1786508691057795,63.38136033180996
경상남도 밀양시,0.4046449515515628,275.0,4029.0,2902.8,0.4317394214322897,38191128.5,0.0845332975263271,3.149376427002029,62.953438932945694
전라남도 장흥군,0.5232681045836696,43.0,1801.0,1273.6,0.1894251505912099,14768873.0,0.0262931897752965,3.132029595141385,62.69987029005364
충청남도 금산군,0.5094247084701218,211.0,2036.0,1488.4999999999998,0.2213876701122926,23859853.5,0.0488981726251556,3.1134902074371755,62.428869370809615
충청남도 청양군,0.5496751476389053,113.0,1221.0,888.5999999999999,0.1321633078009965,10750845.0,0.0163022483108137,3.1122611649758887,62.41090374852949
충청북도 영동군,0.5213490336615602,145.0,1689.0,1225.8,0.1823157581616717,18113354.0,0.0346093373730918,3.084473768046632,62.00471934635977
경상북도 고령군,0.5459233811560027,73.0,1027.0,740.8,0.1101807094519223,11655903.0,0.0185527008960027,3.023053632343775,61.10690581005903
충청남도 태안군,0.5278324435795285,773.0,1314.0,1151.6999999999998,0.1712947125752956,37494982.0,0.0828023093569553,2.987441736909619,60.58634620190719
전라남도 진도군,0.5002936750312156,43.0,1389.0,985.2,0.1465308247192682,11098615.5,0.0171669895989715,2.9067268701159397,59.40649045657537
경기도 양평군,0.2998210656737196,1032.0,4324.0,3336.4,0.4962296422993976,58970236.5,0.1362011434726879,2.7153919683214145,56.6096378799389
경상북도 문경시,0.4040498554393657,214.0,2451.0,1779.9,0.2647281921618205,24364914.0,0.050154019993945,2.7141258136944004,56.591129767734735
충청북도 옥천군,0.4424016944522135,165.0,1554.0,1137.3,0.1691529709228824,23198980.0,0.0472548917784497,2.6249576014728153,55.28770659837578
충청남도 예산군,0.4014278337293685,794.0,1979.0,1623.5,0.2414664981036662,33728051.0,0.0734357277597775,2.584667207438286,54.69875867872134
전라남도 장성군,0.4020722514659797,28.0,1833.0,1291.5,0.1920874544508068,18993068.5,0.0367967726211679,2.513030075439983,53.651597416802346
경상남도 거창군,0.3522244398830263,148.0,2573.0,1845.5,0.2744850152450361,20006469.0,0.0393166219292309,2.505944001291778,53.54801618539206
경상북도 울진군,0.3648983601273993,290.0,2271.0,1676.6999999999998,0.2493790436528593,20536838.0,0.0406353996066329,2.491358132382308,53.33480612983333
전라남도 담양군,0.3842893866198274,112.0,2105.0,1507.1,0.2241540864133264,25812979.5,0.0537546762480172,2.4863998398430818,53.26232790900698
경상북도 경주시,0.226039622586318,866.0,5672.0,4230.2,0.6291663568082101,111444606.0,0.266680163046503,2.484336857263214,53.23217210319244
경상남도 함안군,0.3897830806922602,150.0,1853.0,1342.1,0.199613296646092,24263085.0,0.0499008192749887,2.4479536548495995,52.700337856212855
경상북도 예천군,0.3468314719431603,140.0,2353.0,1689.1,0.2512233211868818,18854955.0,0.0364533494558852,2.4149206243646764,52.217475003908554
경상북도 안동시,0.2295269818716914,344.0,4679.0,3378.4999999999995,0.5024912619915223,60863110.0,0.1409078275321745,2.373293040268675,51.6089806061479
인천광역시 옹진군,0.4144165316718765,374.0,428.0,411.8,0.061247861976649,10165820.0,0.0148475669272447,2.22613111043484,49.4578298292731
제주특별자치도 제주시,0.062862982772614,5103.0,7418.0,6723.499999999999,1.0,228501154.0,0.5577446153356385,2.198825683191793,49.05869065589381
부산광역시 영도구,0.2926309633456176,889.0,2547.0,2049.6,0.3048412285268089,41635492.5,0.0930978070584587,2.1914828881915973,48.951356787773584
경상북도 영천시,0.3503918928480375,168.0,1727.0,1259.3,0.1872982821447163,31492895.0,0.0678779484809902,2.178098413712356,48.75570820728411
충청남도 논산시,0.3032092621102147,268.0,2618.0,1913.0,0.2845244292407228,42708358.0,0.0957655177886385,2.1780885626959647,48.755564209297766
경기도 가평군,0.2980974291214873,909.0,2370.0,1931.7,0.2873057187476761,42095966.5,0.0942427888206356,2.1639187242091933,48.548435510296414
경상북도 영주시,0.332052083362542,188.0,1767.0,1293.3,0.1923551721573585,33565532.0,0.0730316196211915,2.0912626940424026,47.4863804263871
전라남도 여수시,0.1535169212412965,496.0,5289.0,3851.1,0.5727820331672493,84332818.5,0.1992659285239974,2.0873988486602353,47.42990037067597
전라남도 영암군,0.3191289183339287,110.0,1824.0,1309.8,0.1948092511340819,23283449.0,0.047464926361226,2.0851424923494375,47.3969179095438
전라남도 화순군,0.2699306610205448,28.0,2625.0,1845.9,0.2745445080687142,27613414.5,0.0582315093351947,2.0568238106384773,46.982967411399436
경상북도 김천시,0.218176180552693,245.0,3555.0,2562.0,0.3810515356585112,41319159.0,0.0923112347693271,2.0494130402003443,46.874639907110584
충청남도 보령시,0.3185769070926889,290.0,2001.0,1487.6999999999998,0.2212686844649364,46096064.0,0.1041891455843823,2.048312297689489,46.858549719179244
경상남도 통영시,0.2352617307548966,269.0,3136.0,2275.9,0.3384992935227188,42796194.0,0.0959839245131497,1.9998386853163397,46.14998297890771
경상남도 사천시,0.2360017139577615,212.0,2948.0,2127.2,0.3163828363203688,37587718.0,0.0830329000715174,1.963091278606879,45.61282494774811
전라남도 영광군,0.3034069335689176,76.0,1543.0,1102.9,0.164036588086562,19480800.5,0.0380095321794276,1.933125367745419,45.17479595137536
부산광역시 남구,0.1270589472548353,4419.0,3281.0,3622.4,0.5387670112292705,80759948.5,0.1903818851499327,1.870831999662123,44.264217873894076
충청남도 홍성군,0.2297914738656897,505.0,2413.0,1840.6,0.2737562281549788,32829846.0,0.0712023153549596,1.8278214230834657,43.635507477628664
전라남도 나주시,0.1472952050899963,199.0,3963.0,2833.8,0.4214769093478099,43343657.0,0.097345206910129,1.8062163396731532,43.31969351667412
충청남도 공주시,0.2545088800256554,334.0,2144.0,1601.0,0.2381200267717707,44755364.5,0.100855457958024,1.7851935645275412,43.012391491363566
경상북도 울릉군,0.3420401085744667,0.0,135.0,94.5,0.0140551795939614,4194617.0,0.0,1.7523660816542177,42.532533247009674
제주특별자치도 서귀포시,0.1542728035060171,1865.0,3812.0,3227.9,0.4800922138767011,98908414.5,0.2355085645748035,1.7406235300105817,42.36088559928434
충청북도 제천시,0.207171888469959,120.0,2503.0,1788.1,0.2659477950472224,39717898.5,0.0883296547691657,1.6570435179531307,41.13914837368801
충청북도 충주시,0.1664735788702178,1094.0,3252.0,2604.5999999999995,0.3873875213802334,83717445.0,0.1977357847277636,1.5990588890362623,40.2915536208728
전라남도 순천시,0.0837986802771168,515.0,4773.0,3495.6,0.5199077861232989,90307143.5,0.2141212583934746,1.5504742429685316,39.581363837069375
경기도 연천군,0.3049473322466518,294.0,130.0,179.2,0.0266527850078084,18882139.5,0.0365209444921172,1.53165312727245,39.306244737333515
전라남도 무안군,0.1228030307195308,131.0,3377.0,2403.2,0.3574328846582881,35333242.0,0.0774270810605296,1.531459645451459,39.30341650200114
인천광역시 동구,0.1755769559865607,519.0,2065.0,1601.2,0.2381497731836097,18917685.5,0.0366093306370859,1.5191154382094607,39.12297410750066
경상남도 진주시,0.100321417576627,350.0,4024.0,2921.8,0.4345653305570016,85689187.5,0.2026385788099682,1.4000259219342033,37.382173985197134
충청북도 음성군,0.2294081056526861,592.0,1068.0,925.2,0.1376069011675466,41933661.0,0.0938392115559018,1.3721828086542665,36.97517514500539
부산광역시 동구,0.1659447815814207,605.0,1969.0,1559.8,0.2319922659329218,49824138.0,0.113459108140457,1.298782489424955,35.9022403587378
경기도 여주시,0.1935145944788343,941.0,1295.0,1188.8,0.1768126719714434,55267418.5,0.1269939806824752,1.2440230269435513,35.10178972322952
부산광역시 서구,0.1719344429049866,1362.0,1196.0,1245.8,0.1852903993455789,39489593.5,0.0877619678612973,1.240019476839075,35.04326752304347
경상남도 거제시,0.0778978964206815,1007.0,3916.0,3043.3,0.4526362757492377,107176051.5,0.2560662802792713,1.2352657487925782,34.97377953935217
부산광역시 부산진구,0.0759226739045448,4631.0,2814.0,3359.1,0.4996058600431323,147943036.5,0.3574345536756849,1.163561842300751,33.925642196161476
부산광역시 사하구,0.1406562132930183,1844.0,1797.0,1811.1,0.2693686324087157,74815128.5,0.1755999203062616,1.1601871230787155,33.87631197954626
인천광역시 미추홀구,0.0785286898504145,6854.0,1292.0,2960.6,0.4403361344537815,115770105.5,0.2774356411838254,1.1587805702457663,33.85575158581718
대구광역시 서구,0.1856409681264838,659.0,1030.0,918.7,0.1366401427827768,43186388.0,0.0969541530465975,1.1442169628875545,33.64286694018845
부산광역시 금정구,0.1495813879188238,2305.0,1333.0,1624.6,0.2416301033687811,74188695.0,0.1740422755039131,1.1247126986926363,33.35776186496523
전라남도 목포시,0.1142466557219735,349.0,2884.0,2123.5,0.315832527701346,90353924.5,0.2142375806870599,1.0902557003397857,32.85408405332466
경상북도 칠곡군,0.1364100255678577,521.0,1583.0,1264.4,0.1880568156466126,39755702.0,0.0884236542524079,1.0693732662743105,32.548833474498295
충청남도 서산시,0.1520611289475184,1061.0,1319.0,1241.6,0.1846657246969584,57624987.0,0.1328561421412825,1.0485905345459023,32.24504030221777
경기도 포천시,0.1859017383264677,1639.0,550.0,876.7,0.1303933962965717,60999767.5,0.1412476303118421,1.0381936198983694,32.09306260631234
경기도 동두천시,0.1657100193103508,1500.0,399.0,729.3,0.1084702907711757,27876450.0,0.0588855546239734,1.0361898596173342,32.06377248698538
경기도 평택시,0.0257295217521037,7439.0,2049.0,3666.0,0.5452517290101883,166957539.0,0.4047146576106898,0.9549734805697037,30.876585847882875
울산광역시 울주군,0.1139717035532009,815.0,2038.0,1671.1,0.2485461441213654,81411323.0,0.19200154646164,0.9314938572068205,30.533370655646507
부산광역시 중구,0.1623513810962636,1041.0,452.0,628.7,0.0935078456161225,54169419.5,0.1242637747861846,0.8437528927573162,29.250810389873887
충청북도 진천군,0.1087353503241469,1266.0,603.0,801.9,0.1192682382687588,29672485.5,0.0633514482286554,0.7747785699697001,28.242572945471466
충청남도 당진시,0.1549898515636598,1037.0,514.0,670.8999999999999,0.0997843385141667,65579111.5,0.1526343000537479,0.7690336732533034,28.158596477858577
부산광역시 연제구,0.1062287555084427,1972.0,676.0,1064.8,0.1583698966312188,56927269.0,0.1311212463922444,0.7440109746513812,27.792825265169213
전라남도 광양시,0.0684748432592045,243.0,1742.0,1292.3,0.1922064400981631,42338908.5,0.0948468710473559,0.7292997944958,27.57778346287594
광주광역시 남구,0.0980410282151791,239.0,1312.0,990.1,0.1472596118093255,49456582.0,0.112545169641044,0.706893637221784,27.250259743384074
대구광역시 남구,0.1342108550217951,306.0,733.0,604.9,0.089968022607273,53248716.5,0.1219744204613333,0.697009502008128,27.10577764011457
부산광역시 수영구,0.0997794779458128,2765.0,480.0,1165.5,0.1733472149921915,71901889.5,0.1683560682671399,0.6822268981713586,26.889691796692944
인천광역시 부평구,0.0540311338863385,4902.0,1225.0,2328.1,0.3462631070127166,130529714.0,0.3141358295752904,0.6806733313192614,26.86698241428277
충청북도 증평군,0.1211677703476616,54.0,342.0,255.6,0.0380159143303339,15693429.5,0.0285921259380377,0.6627023428532344,26.604290114422657
부산광역시 동래구,0.1126955876285231,2240.0,625.0,1109.5,0.1650182196772514,85890945.0,0.2031402546003113,0.652252087973747,26.45153271359262
인천광역시 남동구,0.0663034835533019,6549.0,310.0,2181.7,0.324488733546516,136720139.5,0.3295284995145594,0.6459266193769386,26.359069692066022
경상북도 경산시,0.0928873353581749,621.0,1583.0,1294.4,0.1925187774224734,85436540.0,0.2020103635800973,0.6379722818981002,26.242796554941172
대전광역시 동구,0.1127376690805885,241.0,1194.0,908.1,0.135063582955306,71405068.0,0.1671207074073359,0.6346376794541888,26.19405274840175
울산광역시 중구,0.1074239919814752,753.0,822.0,801.3,0.1191789990332416,64472044.0,0.1498815450730133,0.5948938668610741,25.613094524816475
대전광역시 중구,0.1196176378290166,615.0,910.0,821.5,0.1221833866289879,82794771.5,0.1954415306983418,0.5737552876353631,25.304099724498474
부산광역시 사상구,0.118771256774769,912.0,375.0,536.0999999999999,0.0797352569346322,61019931.0,0.1412977674309013,0.5504665198159391,24.963674377781576
광주광역시 동구,0.0880690040755539,624.0,944.0,848.0,0.1261247861976649,59695475.0,0.1380044697315615,0.5427104395076413,24.85029928002676
경상북도 구미시,0.0218374355697678,1650.0,2202.0,2036.4,0.3028779653454302,102314310.0,0.243977421082186,0.5298662317207576,24.662548089278626
대전광역시 대덕구,0.0996649149666941,916.0,499.0,624.0999999999999,0.0928236781438239,54570726.0,0.1252616348684977,0.5262723395279467,24.610014094982013
경기도 광명시,0.0576128638064318,3322.0,651.0,1452.3,0.2160035695694207,90226598.0,0.213920979705589,0.5082330683292432,24.346323667048903
부산광역시 해운대구,0.1150798661448544,2675.0,1013.0,1511.6,0.2248233806797055,153969277.0,0.3724189729197506,0.5050315269238871,24.299524890428447
대구광역시 동구,0.1188566186758944,842.0,1277.0,1146.5,0.1705213058674797,128943237.5,0.3101910104136824,0.48546499015454636,24.013509541080673
서울특별시 은평구,0.0592038167612284,3889.0,733.0,1679.8000000000002,0.249840113036365,117751308.5,0.2823619590696782,0.48081550477588064,23.945545332567793
경기도 광주시,0.0636118590566746,4094.0,610.0,1655.2,0.2461813043801591,122072454.0,0.2931066108615555,0.4703899867007394,23.79314952386927
경기도 안성시,0.1134290664301648,1060.0,289.0,520.3,0.0773852903993455,79195805.5,0.1864925988744064,0.4263160056000477,23.14889473058292
서울특별시 도봉구,0.1077051348838359,1889.0,19.0,579.9999999999999,0.0862645943333085,79334566.5,0.1868376320669459,0.42364419328521324,23.109839309502146
부산광역시 북구,0.1187950783345812,1050.0,171.0,434.7,0.0646538261322228,78860901.0,0.1856598492629821,0.41661717154361017,23.007121281166736
서울특별시 강북구,0.1056589369616648,1557.0,179.0,592.4,0.088108871867331,84903997.5,0.2006861814328228,0.3912489375446714,22.636299178355383
울산광역시 동구,0.0859562836429845,584.0,263.0,359.29999999999995,0.0534394288688926,45718211.0,0.1032496033001625,0.38360049822127523,22.52449753093896
대구광역시 달성군,0.0598333069645343,244.0,1226.0,931.4,0.1385290399345579,74083068.5,0.1737796321926673,0.36719439024101064,22.284679991395357
인천광역시 계양구,0.0583304405065211,2827.0,20.0,862.1,0.1282219082323195,75037417.0,0.1761526470149176,0.3240126331997288,21.65346735161102
부산광역시 기장군,0.0959033773276418,677.0,325.0,430.6,0.0640440246895218,76815616.5,0.1805741908958145,0.3105005789151454,21.45595386354875
충청남도 아산시,0.0430662866112663,1505.0,1130.0,1242.5,0.1847995835502342,101939110.0,0.2430444755582937,0.28364123259044677,21.063335312147828
충청남도 계룡시,0.0568402516336206,139.0,39.0,69.0,0.0102625120844798,14612787.0,0.0259050774750772,0.263178639471388,20.764221790501036
경기도 의왕시,0.0485754475678109,1690.0,135.0,601.5,0.0894623336060087,55062024.5,0.1264832626309445,0.2582977133951917,20.692874479871627
경상남도 양산시,0.0774798546511283,524.0,988.0,848.8,0.1262437718450212,107089692.5,0.2558515461574754,0.25442749647575424,20.636301287726603
경기도 이천시,0.0617104794635943,2063.0,262.0,802.3,0.1193277310924369,87713353.0,0.2076717241800168,0.2511921422352486,20.589008249399456
울산광역시 남구,0.0544044383044123,1715.0,915.0,1155.0,0.1717855283706403,117522762.0,0.2817936716651573,0.2237914333036678,20.188476288642722
광주광역시 북구,0.0639169462267849,658.0,1444.0,1208.2,0.1796980739198334,133120410.5,0.3205776704693161,0.21752361195479242,20.096855930176577
경기도 파주시,0.0524265037334708,3095.0,700.0,1418.5,0.2109764259686175,141031362.5,0.3402484787265837,0.21456483912003899,20.053605841724607
경기도 양주시,0.07120504057795,1600.0,138.0,576.6,0.0857589053320443,88573226.0,0.209809822971237,0.19368227294340895,19.748353331753314
경기도 부천시,0.0545830514542901,7982.0,204.0,2537.4,0.3773927270023054,249449399.5,0.6098330265100038,0.18542738525835922,19.62768687897739
서울특별시 양천구,0.0634693756691532,2306.0,22.0,707.1999999999999,0.1051833122629582,99512420.0,0.2370104415141194,0.15887593210640177,19.239568979603007
대구광역시 수성구,0.0965819463911837,505.0,771.0,691.1999999999999,0.1028035993158325,136202584.0,0.3282415829711403,0.13483736396113533,18.88818336921426
경상남도 김해시,0.0507175880727645,1075.0,1416.0,1313.6999999999998,0.1953893061649438,151262051.5,0.365687379336616,0.10838110018542191,18.50145690783535
대구광역시 중구,0.0441965918209439,167.0,856.0,649.3,0.0965717260355469,89973271.5,0.213291076122811,0.08411598496573813,18.146759728240617
광주광역시 서구,0.0538481002798992,208.0,994.0,758.1999999999999,0.1127686472819216,113058400.0,0.2706929079526444,0.06616062733997197,17.884295913384804
인천광역시 중구,0.0362657437954972,1499.0,734.0,963.5,0.1433033390347289,117327458.5,0.2813080439302812,0.04862264822111029,17.627933160810468
서울특별시 금천구,0.0463743518602095,689.0,25.0,224.2,0.0333457276715996,63578158.0,0.1476588719851402,0.036591198345565956,17.45206252106056
인천광역시 서구,0.0143067334565838,5753.0,136.0,1821.1,0.2708559530006693,176976250.5,0.4296264701082731,0.024848586068380585,17.280413987019667
경기도 과천시,0.0295796136189372,230.0,6.0,73.2,0.0108871867331003,42722785.0,0.0958013909364881,-0.011043153578989273,16.755763734654764
대구광역시 북구,0.0717705145979713,348.0,864.0,709.1999999999999,0.105480776381349,142614374.0,0.3441846820666557,-0.013074461999407871,16.726070928291122
경기도 군포시,0.0529586729376802,728.0,9.0,224.7,0.0334200937011973,81290849.5,0.1917019856605402,-0.01835032552908744,16.648950589196833
서울특별시 강서구,0.0313089089331538,4801.0,32.0,1462.7,0.2175503829850524,172582301.5,0.4187007903327907,-0.02820588704465521,16.504886164146892
경기도 구리시,0.0537925238157373,368.0,288.0,312.0,0.0464044024689521,94063235.0,0.22346088726409,-0.0387459480426372,16.350816015503707
경기도 의정부시,0.0586930725050581,1732.0,276.0,712.8,0.1060162117944523,135776126.5,0.3271811842084663,-0.04284837050828527,16.290848541008014
서울특별시 구로구,0.0586571235774817,2153.0,49.0,680.1999999999999,0.1011675466646835,135264769.5,0.3259096804124615,-0.05503110294346403,16.112766516859626
부산광역시 강서구,0.0428397708143078,127.0,121.0,122.79999999999998,0.0182642968691901,70039662.0,0.1637255863625713,-0.058459428046033324,16.062652712181347
광주광역시 광산구,0.010519233550304,270.0,1432.0,1083.4,0.1611363129322525,128228929.5,0.3084148631554723,-0.08082461976266708,15.735727809861066
서울특별시 중랑구,0.0642590100731727,681.0,19.0,217.6,0.0323640960809102,104665155.0,0.2498228643660734,-0.08125839012355274,15.72938713839897
울산광역시 북구,0.0194900274368386,203.0,303.0,273.0,0.0406038521603331,64737274.0,0.1505410470487648,-0.08182040043233735,15.721171909679702
경기도 오산시,0.0153229611602629,1235.0,75.0,423.0,0.0629136610396371,74517432.5,0.1748596906935733,-0.08436359246692077,15.683996605393375
서울특별시 성북구,0.0485133176875559,1133.0,539.0,717.1999999999999,0.1066706328549118,135729804.0,0.3270660019882357,-0.09155351697395653,15.578897333411518
경기도 시흥시,0.0137421747410511,3418.0,22.0,1040.8,0.1548003272105302,135421681.5,0.3262998465852893,-0.11948783783373251,15.170565259438124
경기도 남양주시,0.0680533873537233,2703.0,707.0,1305.8,0.1942143228973005,213858344.0,0.521334849752735,-0.11975979404495218,15.166589918698154
서울특별시 동작구,0.0325476777033544,848.0,505.0,607.9,0.090414218784859,121937956.0,0.2927721777403602,-0.15156331060937134,14.701699580265181
서울특별시 노원구,0.0717529170462133,474.0,524.0,509.0,0.075704618130438,170191640.5,0.4127563434268901,-0.2396342472313998,13.414315920996197
대구광역시 달서구,0.076369744147861,300.0,402.0,371.4,0.0552390867851565,165483962.0,0.401050566282703,-0.25453515147063144,13.196500812383846
서울특별시 강동구,0.0491756128096932,1452.0,6.0,439.8,0.0654123596341191,148226932.0,0.35814046795068,-0.27416579295053667,12.909548407521187
서울특별시 서대문구,0.0383407750333693,1229.0,286.0,568.9,0.08461366847624,149341321.5,0.3609114292936906,-0.27627797799181464,12.878673380959773
서울특별시 동대문구,0.0440014088302738,423.0,89.0,189.2,0.028140105599762,122127848.5,0.2932443508690801,-0.2820613407875051,12.794134632487625
경기도 김포시,0.04380080926431,1282.0,232.0,547.0,0.0813564363798616,160477569.0,0.3886020269964671,-0.3141306985317994,12.325358340253562
서울특별시 용산구,0.0312334676695586,1495.0,324.0,675.3,0.1004387595746263,160651484.0,0.3890344716147713,-0.32058532615787066,12.231007326727589
대전광역시 서구,0.03190021041794,366.0,674.0,581.5999999999999,0.0865025656280211,155907237.5,0.3772377670934048,-0.3354667852130463,12.013476459582003
서울특별시 성동구,0.030987158536332,439.0,20.0,145.7,0.0216702610247638,119068596.5,0.2856374333321437,-0.351328290908336,11.78161968563678
경기도 하남시,0.0284469515407097,163.0,140.0,146.9,0.0218487394957983,124415672.5,0.2989330906352138,-0.39008520507948413,11.215087525296989
인천광역시 연수구,0.0165844631892523,662.0,8.0,204.2,0.0303710864876924,122191510.0,0.2934026470083905,-0.4127697186074424,10.883494911950633
대전광역시 유성구,0.002884968793847,1094.0,324.0,555.0,0.0825462928534245,144552789.5,0.3490046076108147,-0.4359454926921209,10.544721259802802
서울특별시 종로구,0.0546605562359667,775.0,243.0,402.6,0.0598795270320517,193901375.5,0.4717112771713531,-0.4904811920667176,9.747541498640812
서울특별시 관악구,0.0111680358224457,452.0,135.0,230.1,0.0342232468208522,137192604.5,0.3307032972409607,-0.5028966749071363,9.566057227623173
서울특별시 광진구,0.0164000008268423,500.0,17.0,161.9,0.0240797203837287,147095049.5,0.3553260097631879,-0.5564128542409782,8.78378037871699
경기도 화성시,0.0,3609.0,753.0,1609.8000000000002,0.2394288688926898,276594038.0,0.6773289459829502,-0.636371285287831,7.614981890831292
서울특별시 중구,0.0468226200090107,179.0,49.0,88.0,0.0130884212091916,200571595.0,0.4882969686049994,-0.7032155735373704,6.6378803893764
서울특별시 마포구,0.0073175896626329,2219.0,38.0,692.3,0.1029672045809474,217273770.0,0.5298274041207665,-0.7141652461855262,6.477822711074674
서울특별시 서초구,0.0354636157248532,2759.0,252.0,1004.1,0.1493418606380605,276377010.0,0.6767892996578988,-0.7282349387773501,6.27215790236045
서울특별시 영등포구,0.0201300536684027,393.0,82.0,175.29999999999998,0.0260727299769465,208786455.5,0.5087234540337696,-0.8385784497946862,4.659203181556963
서울특별시 송파구,0.0293738407071329,2342.0,73.0,753.7,0.1120993530155425,277234909.0,0.6789224900416986,-0.8746777175011052,4.131519371899417
서울특별시 강남구,0.031215017839768,5106.0,10.0,1538.8,0.2288688926898193,406361721.5,1.0,-1.157318232731702,0.0
