행정구역,소멸위험,폐가,방문자,가중치점수,최종점수
전라남도 고흥군,0.8229045949371969,0.4891558841651263,0.0317414959034771,5.550249131277886,99.99999999999999
경상남도 합천군,0.8570770552090359,0.3776956253850894,0.0278864118285935,5.390585740371854,97.27673660973765
경상북도 의성군,0.87512283189355,0.2848120764017252,0.0332816827886528,5.196768705884272,93.97093913522528
경상남도 남해군,0.753431178299349,0.4375539125077018,0.0332635808605773,5.046554048159273,91.40883597718806
경상북도 청도군,0.768226018986754,0.3520024645717806,0.035183908235339,4.861953580413772,88.2602388392725
경상북도 봉화군,0.8585391599473432,0.1301293900184842,0.0121632946734458,4.670920675118722,85.0019282498924
경상남도 산청군,0.7565271483210152,0.2404497843499692,0.0224041906938214,4.481580903961162,81.7724962292641
경상북도 청송군,0.7960693477860558,0.1069008009858287,0.0168998034000068,4.284149338487758,78.40504830469676
경상북도 영덕군,0.7163326381880073,0.2400492914356131,0.0389718672278925,4.262839198018983,78.04157659680779
전라남도 보성군,0.7245853743580444,0.2184842883548983,0.0260451411435616,4.252334595711355,77.86240716584871
경상남도 하동군,0.7121710906597194,0.2107825015403573,0.0262447497119944,4.166958208207675,76.40620365443476
충청남도 서천군,0.6580964771103197,0.2788971041281577,0.049064144678198,4.078109553257874,74.89077617963407
경상남도 의령군,0.7091434081011301,0.1632162661737523,0.0143465960677547,4.021019242959152,73.91702790150357
경상북도 영양군,0.7455030289348226,0.0896179913739987,0.0014986133705522,3.9948705054255567,73.47102773062704
충청북도 괴산군,0.7220122874923952,0.1128465804066543,0.0328569488954808,3.915744229786458,72.12142787287014
전라남도 신안군,0.7221233514867089,0.1083487369069624,0.0233325672214446,3.9123304009329876,72.06320065444191
충청북도 보은군,0.6495304943371553,0.1653419593345656,0.0232425188321189,3.720435830857354,68.79019326989588
경상남도 고성군,0.5638573779369787,0.2953789279112754,0.038956410966228,3.6664672624524917,67.8696902934288
전라남도 함평군,0.6304447135911043,0.175200246457178,0.01699166198214,3.6608326453449154,67.77358469025869
경상남도 창녕군,0.5731322794160352,0.2689155884165126,0.0426736244908365,3.6297345378388775,67.24316668274264
경상남도 함양군,0.5849122045097387,0.2435304990757855,0.0264199728946254,3.6287325468814244,67.22607644511007
충청남도 부여군,0.5908820983482361,0.2287122612446087,0.0616687608769851,3.5788785145980215,66.3757521459459
인천광역시 강화군,0.5083200677467747,0.361275415896488,0.0797390192812251,3.5456875671421124,65.80963807570174
경상북도 상주시,0.4625121280325713,0.3824091189155884,0.0763957063027267,3.3833922906068947,63.04148450904614
전라남도 해남군,0.5057838220442321,0.2926678989525569,0.0425957687944116,3.3643270382844195,62.71630224039153
전라남도 구례군,0.5833523792407225,0.1484288354898336,0.0183416306740722,3.343706771999041,62.36459721926067
전라남도 강진군,0.5159255177340797,0.2366913123844732,0.0242498128038714,3.2654517130199467,61.029857076193
전라남도 완도군,0.5255514248073645,0.2215341959334565,0.0342856783802415,3.2580740334569507,60.904021312935164
전라남도 곡성군,0.5593740262217005,0.1536968576709796,0.0166179267901808,3.2413427773312606,60.61864833531245
충청북도 단양군,0.568155429292833,0.1210412815773259,0.0285857554518112,3.1753152357443315,59.492464144106506
경상북도 성주군,0.5788248947815474,0.1036968576709796,0.031061707584291,3.174153339336385,59.472646514447746
경상남도 밀양시,0.4046449515515628,0.3893099199014171,0.0845332975263271,3.106621219935738,58.32079982381318
충청남도 금산군,0.5094247084701218,0.2011706715958102,0.0488981726251556,3.101737384512884,58.237499762755654
전라남도 장흥군,0.5232681045836696,0.1691004313000616,0.0262931897752965,3.097348627043236,58.16264388954633
충청남도 청양군,0.5496751476389053,0.1198089956869994,0.0163022483108137,3.091500476944711,58.06289620804152
충청북도 영동군,0.5213490336615602,0.165033887861984,0.0346093373730918,3.067237494520661,57.64906000301641
충청남도 태안군,0.5278324435795285,0.1690696241528034,0.0828023093569553,3.063568780999098,57.58648540049833
경상북도 고령군,0.5459233811560027,0.0994146642020948,0.0185527008960027,3.0093081974902955,56.66100173285683
전라남도 진도군,0.5002936750312156,0.131022797288971,0.0171669895989715,2.8773697774240192,54.41062318899259
제주특별자치도 제주시,0.062862982772614,1.0,0.5577446153356385,2.7565702985274316,52.35023353689348
경기도 양평군,0.2998210656737196,0.4632162661737524,0.1362011434726879,2.752552983417167,52.28171308831193
경상북도 문경시,0.4040498554393657,0.2397104128157732,0.050154019993945,2.689226495650203,51.201598825480296
충청남도 예산군,0.4014278337293685,0.2318237831176833,0.0734357277597775,2.629174790240115,50.17734016519443
충청북도 옥천군,0.4424016944522135,0.1537892791127541,0.0472548917784497,2.62612141782088,50.125260992386224
경상북도 경주시,0.226039622586318,0.5775723967960567,0.266680163046503,2.5962351402732566,49.61551229511246
전라남도 장성군,0.4020722514659797,0.1711337030191004,0.0367967726211679,2.4869655937660315,47.75178039022749
전라남도 담양군,0.3842893866198274,0.2014479359211337,0.0537546762480172,2.472036064614521,47.49713817110982
경상북도 울진군,0.3648983601273993,0.2277572396796056,0.0406353996066329,2.46712812006918,47.41342689812533
경상남도 거창군,0.3522244398830263,0.2469192852741836,0.0393166219292309,2.4625634333084516,47.3355703257892
경상남도 함안군,0.3897830806922602,0.1804990757855822,0.0499008192749887,2.440511811543059,46.9594517058048
경상북도 예천군,0.3468314719431603,0.2260936537276648,0.0364533494558852,2.3759849714429104,45.85886389831257
경상북도 안동시,0.2295269818716914,0.4536352433764634,0.1409078275321745,2.3676328119556724,45.71640713328862
인천광역시 옹진군,0.4144165316718765,0.062600123228589,0.0148475669272447,2.245035461117905,43.62535247520403
부산광역시 영도구,0.2926309633456176,0.2901725200246458,0.0930978070584587,2.240574569743567,43.549266265968875
경기도 가평군,0.2980974291214873,0.2750462107208872,0.0942427888206356,2.2213829889494625,43.22192930361784
충청남도 논산시,0.3032092621102147,0.2584719654959951,0.0957655177886385,2.1956966892504206,42.783816601609175
경상북도 영천시,0.3503918928480375,0.1699630314232902,0.0678779484809902,2.193970610029068,42.75437611230522
부산광역시 남구,0.1270589472548353,0.5755083179297596,0.1903818851499327,2.171437804913523,42.370050294703155
전라남도 여수시,0.1535169212412965,0.5193776956253852,0.1992659285239974,2.1264517645586407,41.60275582553197
경상북도 영주시,0.332052083362542,0.1748921749845964,0.0730316196211915,2.1119053221453075,41.354647640819145
충청남도 보령시,0.3185769070926889,0.2028034504004929,0.1041891455843823,2.097105741080541,41.10222185256429
전라남도 영암군,0.3191289183339287,0.1753542821934688,0.047464926361226,2.0742425118888237,40.71226022962955
경상북도 김천시,0.218176180552693,0.3436537276648183,0.0923112347693271,2.0295308509885928,39.94964565307277
전라남도 화순군,0.2699306610205448,0.2443314849044978,0.0582315093351947,2.024416250481023,39.86240959827622
경상남도 통영시,0.2352617307548966,0.3064078866296981,0.0959839245131497,1.9995483891504275,39.43825640967466
경상남도 사천시,0.2360017139577615,0.2855206407886629,0.0830329000715174,1.953537592083279,38.6534834037982
제주특별자치도 서귀포시,0.1542728035060171,0.4672211953173136,0.2355085645748035,1.937519038907223,38.38026648674677
전라남도 영광군,0.3034069335689176,0.1472889710412815,0.0380095321794276,1.9208920487890049,38.09667189926963
충청남도 홍성군,0.2297914738656897,0.2541281577325939,0.0712023153549596,1.8401395271712706,36.71933433588061
충청남도 공주시,0.2545088800256554,0.2187307455329636,0.100855457958024,1.8278811787691438,36.51025252170168
전라남도 나주시,0.1472952050899963,0.3785274183610597,0.097345206910129,1.7747130736230317,35.603402470150165
경상북도 울릉군,0.3420401085744667,0.0124768946395563,0.0,1.7476312267910024,35.14148692645635
인천광역시 미추홀구,0.0785286898504145,0.5417128773875539,0.2774356411838254,1.7403464402309086,35.01723557220161
충청북도 충주시,0.1664735788702178,0.3679605668515095,0.1977357847277636,1.738513810177854,34.985977722151844
경기도 평택시,0.0257295217521037,0.6477202711028959,0.4047146576106898,1.6670937644585164,33.76781747430391
충청북도 제천시,0.207171888469959,0.238724584103512,0.0883296547691657,1.6637035398911653,33.70999285717255
부산광역시 부산진구,0.0759226739045448,0.5454097350585336,0.3574345536756849,1.6584080210226397,33.61967100827993
전라남도 순천시,0.0837986802771168,0.4728589032655576,0.2141212583934746,1.6234488527887823,33.023397670572116
경기도 연천군,0.3049473322466518,0.0301293900184842,0.0365209444921172,1.5786038867965944,32.25850940513399
인천광역시 동구,0.1755769559865607,0.2228280961182994,0.0366093306370859,1.509759737650616,31.084284368705063
전라남도 무안군,0.1228030307195308,0.3201786814540973,0.0774270810605296,1.4971241168994163,30.868767691965854
경상남도 진주시,0.100321417576627,0.3934688847812693,0.2026385788099682,1.4793751634169747,30.566036583977237
충청북도 음성군,0.2294081056526861,0.1351817621688231,0.0938392115559018,1.458746603213998,30.21419009947127
경상남도 거제시,0.0778978964206815,0.4239679605668515,0.2560662802792713,1.4053270835246907,29.303051851249386
부산광역시 동구,0.1659447815814207,0.2192544670363524,0.113459108140457,1.3740282008757037,28.76920936681745
경기도 여주시,0.1935145944788343,0.1776648182378312,0.1269939806824752,1.3735734464251899,28.76145294789377
부산광역시 금정구,0.1495813879188238,0.265218730745533,0.1740422755039131,1.369520856326805,28.692330839262326
부산광역시 사하구,0.1406562132930183,0.27969808995687,0.1755999203062616,1.3667754160294399,28.645503842732072
부산광역시 서구,0.1719344429049866,0.1944547134935305,0.0877619678612973,1.3552743871442272,28.449339081757643
인천광역시 남동구,0.0663034835533019,0.4321626617375231,0.3295284995145594,1.2984769034645192,27.480585336229318
경기도 포천시,0.1859017383264677,0.1518176216882316,0.1412476303118421,1.243713926385191,26.54653270352731
대구광역시 서구,0.1856409681264838,0.1357979051139864,0.0969541530465975,1.2386444029277806,26.46006549548857
전라남도 목포시,0.1142466557219735,0.2880468268638324,0.2142375806870599,1.2211361785143047,26.161440329737353
인천광역시 부평구,0.0540311338863385,0.4152495378927912,0.3141358295752904,1.2017684535347755,25.831099002961555
경기도 부천시,0.0545830514542901,0.5106592729513247,0.6098330265100038,1.1950600496154211,25.716678592014485
충청남도 서산시,0.1520611289475184,0.1872766481823783,0.1328561421412825,1.1892794471434445,25.61808302169456
경기도 동두천시,0.1657100193103508,0.1292975970425138,0.0588855546239734,1.157557333055322,25.07702178362558
경상북도 칠곡군,0.1364100255678577,0.1784041897720271,0.0884236542524079,1.1288390429029618,24.587194605591502
울산광역시 울주군,0.1139717035532009,0.2385705483672212,0.19200154646164,1.093568616406028,23.98561236001232
부산광역시 중구,0.1623513810962636,0.1059149722735674,0.1242637747861846,1.0052380475158356,22.479021505748946
부산광역시 해운대구,0.1150798661448544,0.2584411583487369,0.3724189729197506,0.9783038328507319,22.019624017528788
부산광역시 수영구,0.0997794779458128,0.2147258163894023,0.1683560682671399,0.9747187706301308,21.958476194964245
충청남도 당진시,0.1549898515636598,0.1113986444855206,0.1526343000537479,0.956510891221113,21.64791751819111
부산광역시 연제구,0.1062287555084427,0.1839802834257548,0.1311212463922444,0.9519633814272335,21.57035392099919
경기도 광주시,0.0636118590566746,0.3086260012322859,0.2931066108615555,0.9508306881186752,21.551034387560197
부산광역시 동래구,0.1126955876285231,0.1957794208256315,0.2031402546003113,0.9476759460191987,21.497226225172618
서울특별시 은평구,0.0592038167612284,0.3073629081947012,0.2823619590696782,0.9357458493205675,21.293743163731232
충청북도 진천군,0.1087353503241469,0.1337338262476894,0.0633514482286554,0.8815267821351473,20.3689676100971
경기도 광명시,0.0576128638064318,0.264849044978435,0.213920979705589,0.8686904742618751,20.150027957750673
경상북도 경산시,0.0928873353581749,0.1845656192236599,0.2020103635800973,0.816123170881757,19.253425348927586
대구광역시 남구,0.1342108550217951,0.0865988909426987,0.1219744204613333,0.8088765274757383,19.12982457496237
대구광역시 동구,0.1188566186758944,0.1699014171287738,0.3101910104136824,0.7937963343521108,18.872612589054903
광주광역시 남구,0.0980410282151791,0.1359827479975354,0.112545169641044,0.7856082154274577,18.732953745683943
경상북도 구미시,0.0218374355697678,0.3051756007393715,0.243977421082186,0.7807365589847673,18.649861412713747
전라남도 광양시,0.0684748432592045,0.1759704251386321,0.0948468710473559,0.7754386206645629,18.55949829697752
대전광역시 동구,0.1127376690805885,0.125200246457178,0.1671207074073359,0.7721683773671407,18.50372011389758
대전광역시 중구,0.1196176378290166,0.121996303142329,0.1954415306983418,0.7686355678737281,18.443463528442468
울산광역시 중구,0.1074239919814752,0.1223659889094269,0.1498815450730133,0.7543363815626434,18.199572612869748
인천광역시 서구,0.0143067334565838,0.3670363524337647,0.4296264701082731,0.74301625447594,18.00649336349768
부산광역시 사상구,0.118771256774769,0.0908502772643253,0.1412977674309013,0.7251093482359197,17.701068169158624
서울특별시 도봉구,0.1077051348838359,0.1181454097350585,0.1868376320669459,0.7061242715574091,17.37725339868103
경기도 파주시,0.0524265037334708,0.2553912507701787,0.3402484787265837,0.6880577922513064,17.069106481557135
충청북도 증평군,0.1211677703476616,0.0349353049907578,0.0285921259380377,0.6820526407725437,16.96668094065954
대전광역시 대덕구,0.0996649149666941,0.1025569932224276,0.1252616348684977,0.6807339196322556,16.944188464563844
광주광역시 동구,0.0880690040755539,0.1256931608133087,0.1380044697315615,0.6794200330861342,16.92177844865659
서울특별시 강북구,0.1056589369616648,0.1124768946395563,0.2006861814328228,0.6650391872941701,16.676494726169995
경기도 안성시,0.1134290664301648,0.0920209488601355,0.1864925988744064,0.656715579856824,16.534524952883768
부산광역시 북구,0.1187950783345812,0.0804990757855822,0.1856598492629821,0.6498127697666706,16.41678869598871
인천광역시 계양구,0.0583304405065211,0.1760320394331485,0.1761526470149176,0.6435956738171333,16.31074817100019
서울특별시 강서구,0.0313089089331538,0.2987677141096734,0.4187007903327907,0.6341468966619985,16.14958718874052
충청남도 아산시,0.0430662866112663,0.1971657424522489,0.2430444755582937,0.5637841848547845,14.94946112341764
울산광역시 남구,0.0544044383044123,0.190234134319162,0.2817936716651573,0.5609309228143902,14.900795089123003
경기도 이천시,0.0617104794635943,0.151324707332101,0.2076717241800168,0.5548547951342577,14.797158958310758
광주광역시 북구,0.0639169462267849,0.1739987677141096,0.3205776704693161,0.5210033638069371,14.219779490678588
경기도 남양주시,0.0680533873537233,0.2318853974121996,0.521334849752735,0.5145882792524803,14.110362016745123
부산광역시 기장군,0.0959033773276418,0.0717498459642637,0.1805741908958145,0.5141922336351856,14.103606952078563
서울특별시 양천구,0.0634693756691532,0.1441158348736907,0.2370104415141194,0.5126839414527187,14.077881099339107
대구광역시 달성군,0.0598333069645343,0.1283425754775108,0.1737796321926673,0.5104146290625367,14.039175073379223
울산광역시 동구,0.0859562836429845,0.0602895871842267,0.1032496033001625,0.50740057646744,13.98776655047379
경상남도 양산시,0.0774798546511283,0.1235982747997535,0.2558515461574754,0.5023425514974266,13.901495463847697
경기도 양주시,0.07120504057795,0.1113370301910043,0.209809822971237,0.480226470491526,13.524277409053337
경상남도 김해시,0.0507175880727645,0.1971041281577326,0.365687379336616,0.4792129455004043,13.506990443720987
경기도 의왕시,0.0485754475678109,0.1166050523721503,0.1264832626309445,0.4662091323245609,13.285193774148643
대구광역시 수성구,0.0965819463911837,0.1023721503388786,0.3282415829711403,0.461784600001414,13.209727715045904
인천광역시 중구,0.0362657437954972,0.1601971657424522,0.2813080439302812,0.38061217227456134,11.825228115777396
경기도 시흥시,0.0137421747410511,0.2126309303758472,0.3262998465852893,0.3803038182475078,11.81996874336679
서울특별시 구로구,0.0586571235774817,0.1371842267406038,0.3259096804124615,0.37892861769675834,11.796512938671219
경기도 의정부시,0.0586930725050581,0.1322242760320394,0.3271811842084663,0.3629570064129424,11.524096675644993
대구광역시 북구,0.0717705145979713,0.1012939001848429,0.3441846820666557,0.3185495914777295,10.766671403245336
광주광역시 서구,0.0538481002798992,0.1046826863832409,0.2706929079526444,0.31259565259657424,10.665119358716533
충청남도 계룡시,0.0568402516336206,0.0121688231669747,0.0259050774750772,0.2948026501939499,10.361636940042146
대구광역시 중구,0.0441965918209439,0.0894023413431916,0.213291076122811,0.2758989070114833,10.039209416390026
서울특별시 성북구,0.0485133176875559,0.1196241528034504,0.3270660019882357,0.27437304485989505,10.013183885349834
서울특별시 금천구,0.0463743518602095,0.0447627849661121,0.1476588719851402,0.21850124221424358,9.060218814086799
경기도 군포시,0.0529586729376802,0.045686999383857,0.1917019856605402,0.2101523771794318,8.917818240163593
서울특별시 중랑구,0.0642590100731727,0.0437153419593345,0.2498228643660734,0.20261821187779358,8.789313412440052
경기도 화성시,0.0,0.2919593345656192,0.6773289459829502,0.1985490577139073,8.719908782480971
경기도 구리시,0.0537925238157373,0.0492914356130622,0.22346088726409,0.19337603865378314,8.631676324535391
광주광역시 광산구,0.010519233550304,0.1489833641404805,0.3084148631554723,0.19113139701748916,8.593391089844518
서울특별시 노원구,0.0717529170462133,0.077634011090573,0.4127563434268901,0.17891027507589535,8.38494422057402
서울특별시 동작구,0.0325476777033544,0.0989217498459642,0.2927721777403602,0.16673146031430447,8.177218954382308
서울특별시 강동구,0.0491756128096932,0.0900184842883549,0.35814046795068,0.15779304896285073,8.024762913818536
경기도 오산시,0.0153229611602629,0.0830252618607517,0.1748596906935733,0.1508309006899963,7.906014568305814
대구광역시 달서구,0.076369744147861,0.0556377079482439,0.401050566282703,0.14771127830133374,7.852805417515027
서울특별시 서대문구,0.0383407750333693,0.1021565003080714,0.3609114292936906,0.13726194679737014,7.674578700820738
서울특별시 용산구,0.0312334676695586,0.1220579174368453,0.3890344716147713,0.13330661904355762,7.607115525904293
경기도 김포시,0.04380080926431,0.1004313000616143,0.3886020269964671,0.13169591950992582,7.579642984780363
부산광역시 강서구,0.0428397708143078,0.0190080098582871,0.1637255863625713,0.10749729728382898,7.166904525267738
서울특별시 강남구,0.031215017839768,0.3155268022181146,1.0,0.10265549585318379,7.084321407721675
경기도 과천시,0.0295796136189372,0.0147258163894023,0.0958013909364881,0.09627412632640481,6.975478986717097
서울특별시 서초구,0.0354636157248532,0.1932840418977203,0.6767892996578988,0.08038090465952807,6.704399758892089
울산광역시 북구,0.0194900274368386,0.0405113986444855,0.1505410470487648,0.06844328606888467,6.500788401959634
대전광역시 서구,0.03190021041794,0.0848428835489833,0.3772377670934048,0.03679193564324512,5.960934128682693
서울특별시 동대문구,0.0440014088302738,0.0342883548983364,0.2932443508690801,0.029627757977298108,5.8387399134133275
서울특별시 종로구,0.0546605562359667,0.0702094886013555,0.4717112771713531,0.01221996981254686,5.541827816372816
대전광역시 유성구,0.002884968793847,0.0973505853357979,0.3490046076108147,-0.04252800763418596,4.608031021593841
서울특별시 성동구,0.030987158536332,0.0288971041281577,0.2856374333321437,-0.04401032826601059,4.582748146876153
서울특별시 마포구,0.0073175896626329,0.140234134319162,0.5298274041207665,-0.07253705285011591,4.096188364679673
서울특별시 송파구,0.0293738407071329,0.1510474430067775,0.6789224900416986,-0.07891095748570165,3.987473266944277
인천광역시 연수구,0.0165844631892523,0.0415280345040049,0.2934026470083905,-0.08589622755011433,3.868330549696676
경기도 하남시,0.0284469515407097,0.0229821318545902,0.2989330906352138,-0.08775193736789466,3.8366790447334265
서울특별시 관악구,0.0111680358224457,0.0403265557609365,0.3307032972409607,-0.1538834508459227,2.708721479912913
서울특별시 광진구,0.0164000008268423,0.0323783117683302,0.3553260097631879,-0.1761910703239858,2.3282364914394726
서울특별시 중구,0.0468226200090107,0.0155576093653727,0.4882969686049994,-0.2075110404638278,1.79403433287365
서울특별시 영등포구,0.0201300536684027,0.0317929759704251,0.5087234540337696,-0.3126942577804808,0.0
