행정구역,,행정구역,소멸위험,폐가,방문자,가중치점수,최종점수,메인 캐릭터
전라남도,고흥군,전라남도 고흥군,0.822904595,0.489155884,0.031741496,5.550249131,100,흥이
경상남도,합천군,경상남도 합천군,0.857077055,0.377695625,0.027886412,5.39058574,97.27673661,별쿵
경상북도,의성군,경상북도 의성군,0.875122832,0.284812076,0.033281683,5.196768706,93.97093914,의동이
경상남도,남해군,경상남도 남해군,0.753431178,0.437553913,0.033263581,5.046554048,91.40883598,해랑이
경상북도,청도군,경상북도 청도군,0.768226019,0.352002465,0.035183908,4.86195358,88.26023884,카우&붕가
경상북도,봉화군,경상북도 봉화군,0.85853916,0.13012939,0.012163295,4.670920675,85.00192825,솔봉이&솔향이
경상남도,산청군,경상남도 산청군,0.756527148,0.240449784,0.022404191,4.481580904,81.77249623,천왕이
경상북도,청송군,경상북도 청송군,0.796069348,0.106900801,0.016899803,4.284149338,78.4050483,청이&송이
경상북도,영덕군,경상북도 영덕군,0.716332638,0.240049291,0.038971867,4.262839198,78.0415766,키니&토리
전라남도,보성군,전라남도 보성군,0.724585374,0.218484288,0.026045141,4.252334596,77.86240717,의돌이&다향이
경상남도,하동군,경상남도 하동군,0.712171091,0.210782502,0.02624475,4.166958208,76.40620365,다사돌
충청남도,서천군,충청남도 서천군,0.658096477,0.278897104,0.049064145,4.078109553,74.89077618,서래새
경상남도,의령군,경상남도 의령군,0.709143408,0.163216266,0.014346596,4.021019243,73.9170279,홍의장군
경상북도,영양군,경상북도 영양군,0.745503029,0.089617991,0.001498613,3.994870505,73.47102773,반딧불이
충청북도,괴산군,충청북도 괴산군,0.722012287,0.11284658,0.032856949,3.91574423,72.12142787,꺽정이&운총이
전라남도,신안군,전라남도 신안군,0.722123351,0.108348737,0.023332567,3.912330401,72.06320065,홍도리
충청북도,보은군,충청북도 보은군,0.649530494,0.165341959,0.023242519,3.720435831,68.79019327,정이&송이
경상남도,고성군,경상남도 고성군,0.563857378,0.295378928,0.038956411,3.666467262,67.86969029,"고룡이
금강누리"
전라남도,함평군,전라남도 함평군,0.630444714,0.175200246,0.016991662,3.660832645,67.77358469,소
경상남도,창녕군,경상남도 창녕군,0.573132279,0.268915588,0.042673624,3.629734538,67.24316668,화왕동자
경상남도,함양군,경상남도 함양군,0.584912205,0.243530499,0.026419973,3.628732547,67.22607645,물레동자&신비
충청남도,부여군,충청남도 부여군,0.590882098,0.228712261,0.061668761,3.578878515,66.37575215,"금동이, 금용이, 금황이"
인천광역시,강화군,인천광역시 강화군,0.508320068,0.361275416,0.079739019,3.545687567,65.80963808,
경상북도,상주시,경상북도 상주시,0.462512128,0.382409119,0.076395706,3.383392291,63.04148451,감돌이&감순이
전라남도,해남군,전라남도 해남군,0.505783822,0.292667899,0.042595769,3.364327038,62.71630224,땅끝이&희망이
전라남도,구례군,전라남도 구례군,0.583352379,0.148428835,0.018341631,3.343706772,62.36459722,산유&수유
전라남도,강진군,전라남도 강진군,0.515925518,0.236691312,0.024249813,3.265451713,61.02985708,강도령&진낭자
전라남도,완도군,전라남도 완도군,0.525551425,0.221534196,0.034285678,3.258074033,60.90402131,X
전라남도,곡성군,전라남도 곡성군,0.559374026,0.153696858,0.016617927,3.241342777,60.61864834,심청&심학규
충청북도,단양군,충청북도 단양군,0.568155429,0.121041282,0.028585755,3.175315236,59.49246414,온달&평강
경상북도,성주군,경상북도 성주군,0.578824895,0.103696858,0.031061708,3.174153339,59.47264651,참별이
경상남도,밀양시,경상남도 밀양시,0.404644952,0.38930992,0.084533298,3.10662122,58.32079982,밀양아리랑
충청남도,금산군,충청남도 금산군,0.509424708,0.201170672,0.048898173,3.101737385,58.23749976,삼신령&삼동이
전라남도,장흥군,전라남도 장흥군,0.523268105,0.169100431,0.02629319,3.097348627,58.16264389,표동이
충청남도,청양군,충청남도 청양군,0.549675148,0.119808996,0.016302248,3.091500477,58.06289621,고추도령&구기낭자
충청북도,영동군,충청북도 영동군,0.521349034,0.165033888,0.034609337,3.067237495,57.64906,우리&소리
충청남도,태안군,충청남도 태안군,0.527832444,0.169069624,0.082802309,3.063568781,57.5864854,태랑이
경상북도,고령군,경상북도 고령군,0.545923381,0.099414664,0.018552701,3.009308197,56.66100173,X
전라남도,진도군,전라남도 진도군,0.500293675,0.131022797,0.01716699,2.877369777,54.41062319,진도개
경기도,양평군,경기도 양평군,0.299821066,0.463216266,0.136201143,2.752552983,52.28171309,물사랑이&행복이
경상북도,문경시,경상북도 문경시,0.404049855,0.239710413,0.05015402,2.689226496,51.20159883,"문희, 경서"
충청남도,예산군,충청남도 예산군,0.401427834,0.231823783,0.073435728,2.62917479,50.17734017,예돌이
충청북도,옥천군,충청북도 옥천군,0.442401694,0.153789279,0.047254892,2.626121418,50.12526099,송글이&송알이
경상북도,경주시,경상북도 경주시,0.226039623,0.577572397,0.266680163,2.59623514,49.6155123,금이&관이
전라남도,장성군,전라남도 장성군,0.402072251,0.171133703,0.036796773,2.486965594,47.75178039,단풍동자
전라남도,담양군,전라남도 담양군,0.384289387,0.201447936,0.053754676,2.472036065,47.49713817,대돌이&딸리
경상북도,울진군,경상북도 울진군,0.36489836,0.22775724,0.0406354,2.46712812,47.4134269,피오
경상남도,거창군,경상남도 거창군,0.35222444,0.246919285,0.039316622,2.462563433,47.33557033,아림&아름
경상남도,함안군,경상남도 함안군,0.389783081,0.180499076,0.049900819,2.440511812,46.95945171,우돌이
경상북도,예천군,경상북도 예천군,0.346831472,0.226093654,0.036453349,2.375984971,45.8588639,효동이&효심이
경상북도,안동시,경상북도 안동시,0.229526982,0.453635243,0.140907828,2.367632812,45.71640713,양반&연이낭자
인천광역시,옹진군,인천광역시 옹진군,0.414416532,0.062600123,0.014847567,2.245035461,43.62535248,X
부산광역시,영도구,부산광역시 영도구,0.292630963,0.29017252,0.093097807,2.24057457,43.54926627,부기
경기도,가평군,경기도 가평군,0.298097429,0.275046211,0.094242789,2.221382989,43.2219293,갓평이와 송송이
충청남도,논산시,충청남도 논산시,0.303209262,0.258471965,0.095765518,2.195696689,42.7838166,먹보딸기
경상북도,영천시,경상북도 영천시,0.350391893,0.169963031,0.067877948,2.19397061,42.75437611,별이&빛이
부산광역시,남구,부산광역시 남구,0.127058947,0.575508318,0.190381885,2.171437805,42.37005029,부기
전라남도,여수시,전라남도 여수시,0.153516921,0.519377696,0.199265929,2.126451765,41.60275583,구키&구니
경상북도,영주시,경상북도 영주시,0.332052083,0.174892175,0.07303162,2.111905322,41.35464764,영주도령
충청남도,보령시,충청남도 보령시,0.318576907,0.20280345,0.104189146,2.097105741,41.10222185,머돌이&머순이
전라남도,영암군,전라남도 영암군,0.319128918,0.175354282,0.047464926,2.074242512,40.71226023,기찬이&기순이
경상북도,김천시,경상북도 김천시,0.218176181,0.343653728,0.092311235,2.029530851,39.94964565,금동이&금송이
전라남도,화순군,전라남도 화순군,0.269930661,0.244331485,0.058231509,2.02441625,39.8624096,들국화
경상남도,통영시,경상남도 통영시,0.235261731,0.306407887,0.095983925,1.999548389,39.43825641,통멸이
경상남도,사천시,경상남도 사천시,0.236001714,0.285520641,0.0830329,1.953537592,38.6534834,또록이
전라남도,영광군,전라남도 영광군,0.303406934,0.147288971,0.038009532,1.920892049,38.0966719,X
충청남도,홍성군,충청남도 홍성군,0.229791474,0.254128158,0.071202315,1.840139527,36.71933434,복돌이
충청남도,공주시,충청남도 공주시,0.25450888,0.218730746,0.100855458,1.827881179,36.51025252,고마곰&공주
전라남도,나주시,전라남도 나주시,0.147295205,0.378527418,0.097345207,1.774713074,35.60340247,배돌이
경상북도,울릉군,경상북도 울릉군,0.342040109,0.012476895,0,1.747631227,35.14148693,오기동이와 해호랑
인천광역시,미추홀구,인천광역시 미추홀구,0.07852869,0.541712877,0.277435641,1.74034644,35.01723557,
충청북도,충주시,충청북도 충주시,0.166473579,0.367960567,0.197735785,1.73851381,34.98597772,충주씨
경기도,평택시,경기도 평택시,0.025729522,0.647720271,0.404714658,1.667093764,33.76781747,평택이
충청북도,제천시,충청북도 제천시,0.207171888,0.238724584,0.088329655,1.66370354,33.70999286,꼬마신선 박달&꼬마선녀 금봉
부산광역시,부산진구,부산광역시 부산진구,0.075922674,0.545409735,0.357434554,1.658408021,33.61967101,부기
전라남도,순천시,전라남도 순천시,0.08379868,0.472858903,0.214121258,1.623448853,33.02339767,루미&뚱이
경기도,연천군,경기도 연천군,0.304947332,0.03012939,0.036520944,1.578603887,32.25850941,고롱이&미롱이
인천광역시,동구,인천광역시 동구,0.175576956,0.222828096,0.036609331,1.509759738,31.08428437,
전라남도,무안군,전라남도 무안군,0.122803031,0.320178681,0.077427081,1.497124117,30.86876769,무아니
경상남도,진주시,경상남도 진주시,0.100321418,0.393468885,0.202638579,1.479375163,30.56603658,논개
충청북도,음성군,충청북도 음성군,0.229408106,0.135181762,0.093839212,1.458746603,30.2141901,리뉴얼 전 거돌이
경상남도,거제시,경상남도 거제시,0.077897896,0.423967961,0.25606628,1.405327084,29.30305185,몽꾸
부산광역시,동구,부산광역시 동구,0.165944782,0.219254467,0.113459108,1.374028201,28.76920937,부기
경기도,여주시,경기도 여주시,0.193514594,0.177664818,0.126993981,1.373573446,28.76145295,세종대왕
부산광역시,금정구,부산광역시 금정구,0.149581388,0.265218731,0.174042276,1.369520856,28.69233084,부기
부산광역시,사하구,부산광역시 사하구,0.140656213,0.27969809,0.17559992,1.366775416,28.64550384,부기
부산광역시,서구,부산광역시 서구,0.171934443,0.194454713,0.087761968,1.355274387,28.44933908,부기
인천광역시,남동구,인천광역시 남동구,0.066303484,0.432162662,0.3295285,1.298476903,27.48058534,
경기도,포천시,경기도 포천시,0.185901738,0.151817622,0.14124763,1.243713926,26.5465327,오성과 한음
대구광역시,서구,대구광역시 서구,0.185640968,0.135797905,0.096954153,1.238644403,26.4600655,
전라남도,목포시,전라남도 목포시,0.114246656,0.288046827,0.214237581,1.221136179,26.16144033,포미&포포
인천광역시,부평구,인천광역시 부평구,0.054031134,0.415249538,0.31413583,1.201768454,25.831099,
경기도,부천시,경기도 부천시,0.054583051,0.510659273,0.609833027,1.19506005,25.71667859,부천핸썹
충청남도,서산시,충청남도 서산시,0.152061129,0.187276648,0.132856142,1.189279447,25.61808302,해누리&해나리
경기도,동두천시,경기도 동두천시,0.165710019,0.129297597,0.058885555,1.157557333,25.07702178,디디씨
경상북도,칠곡군,경상북도 칠곡군,0.136410026,0.17840419,0.088423654,1.128839043,24.58719461,호이
울산광역시,울주군,울산광역시 울주군,0.113971704,0.238570548,0.192001546,1.093568616,23.98561236,
부산광역시,중구,부산광역시 중구,0.162351381,0.105914972,0.124263775,1.005238048,22.47902151,부기
부산광역시,해운대구,부산광역시 해운대구,0.115079866,0.258441158,0.372418973,0.978303833,22.01962402,부기
부산광역시,수영구,부산광역시 수영구,0.099779478,0.214725816,0.168356068,0.974718771,21.95847619,부기
충청남도,당진시,충청남도 당진시,0.154989852,0.111398644,0.1526343,0.956510891,21.64791752,당학이
부산광역시,연제구,부산광역시 연제구,0.106228756,0.183980283,0.131121246,0.951963381,21.57035392,부기
경기도,광주시,경기도 광주시,0.063611859,0.308626001,0.293106611,0.950830688,21.55103439,그리니&크리니
부산광역시,동래구,부산광역시 동래구,0.112695588,0.195779421,0.203140255,0.947675946,21.49722623,부기
서울특별시,은평구,서울특별시 은평구,0.059203817,0.307362908,0.282361959,0.935745849,21.29374316,
충청북도,진천군,충청북도 진천군,0.10873535,0.133733826,0.063351448,0.881526782,20.36896761,원화랑&원낭자
경기도,광명시,경기도 광명시,0.057612864,0.264849045,0.21392098,0.868690474,20.15002796,광이&명이
경상북도,경산시,경상북도 경산시,0.092887335,0.184565619,0.202010364,0.816123171,19.25342535,백고미&별이
대구광역시,남구,대구광역시 남구,0.134210855,0.086598891,0.12197442,0.808876527,19.12982457,
대구광역시,동구,대구광역시 동구,0.118856619,0.169901417,0.31019101,0.793796334,18.87261259,
광주광역시,남구,광주광역시 남구,0.098041028,0.135982748,0.11254517,0.785608215,18.73295375,
경상북도,구미시,경상북도 구미시,0.021837436,0.305175601,0.243977421,0.780736559,18.64986141,토미
전라남도,광양시,전라남도 광양시,0.068474843,0.175970425,0.094846871,0.775438621,18.5594983,미래소년 해아
대전광역시,동구,대전광역시 동구,0.112737669,0.125200246,0.167120707,0.772168377,18.50372011,
대전광역시,중구,대전광역시 중구,0.119617638,0.121996303,0.195441531,0.768635568,18.44346353,
울산광역시,중구,울산광역시 중구,0.107423992,0.122365989,0.149881545,0.754336382,18.19957261,
인천광역시,서구,인천광역시 서구,0.014306733,0.367036352,0.42962647,0.743016254,18.00649336,
부산광역시,사상구,부산광역시 사상구,0.118771257,0.090850277,0.141297767,0.725109348,17.70106817,부기
서울특별시,도봉구,서울특별시 도봉구,0.107705135,0.11814541,0.186837632,0.706124272,17.3772534,
경기도,파주시,경기도 파주시,0.052426504,0.255391251,0.340248479,0.688057792,17.06910648,파랑이
충청북도,증평군,충청북도 증평군,0.12116777,0.034935305,0.028592126,0.682052641,16.96668094,한별이
대전광역시,대덕구,대전광역시 대덕구,0.099664915,0.102556993,0.125261635,0.68073392,16.94418846,
광주광역시,동구,광주광역시 동구,0.088069004,0.125693161,0.13800447,0.679420033,16.92177845,
서울특별시,강북구,서울특별시 강북구,0.105658937,0.112476895,0.200686181,0.665039187,16.67649473,
경기도,안성시,경기도 안성시,0.113429066,0.092020949,0.186492599,0.65671558,16.53452495,바우덕이
부산광역시,북구,부산광역시 북구,0.118795078,0.080499076,0.185659849,0.64981277,16.4167887,부기
인천광역시,계양구,인천광역시 계양구,0.058330441,0.176032039,0.176152647,0.643595674,16.31074817,
서울특별시,강서구,서울특별시 강서구,0.031308909,0.298767714,0.41870079,0.634146897,16.14958719,
충청남도,아산시,충청남도 아산시,0.043066287,0.197165742,0.243044476,0.563784185,14.94946112,아랑이
울산광역시,남구,울산광역시 남구,0.054404438,0.190234134,0.281793672,0.560930923,14.90079509,
경기도,이천시,경기도 이천시,0.061710479,0.151324707,0.207671724,0.554854795,14.79715896,반디
광주광역시,북구,광주광역시 북구,0.063916946,0.173998768,0.32057767,0.521003364,14.21977949,
경기도,남양주시,경기도 남양주시,0.068053387,0.231885397,0.52133485,0.514588279,14.11036202,정약용
부산광역시,기장군,부산광역시 기장군,0.095903377,0.071749846,0.180574191,0.514192234,14.10360695,부기
서울특별시,양천구,서울특별시 양천구,0.063469376,0.144115835,0.237010442,0.512683941,14.0778811,
대구광역시,달성군,대구광역시 달성군,0.059833307,0.128342575,0.173779632,0.510414629,14.03917507,
울산광역시,동구,울산광역시 동구,0.085956284,0.060289587,0.103249603,0.507400576,13.98776655,
경상남도,양산시,경상남도 양산시,0.077479855,0.123598275,0.255851546,0.502342551,13.90149546,양이&산이
경기도,양주시,경기도 양주시,0.071205041,0.11133703,0.209809823,0.48022647,13.52427741,꾸미
경상남도,김해시,경상남도 김해시,0.050717588,0.197104128,0.365687379,0.479212946,13.50699044,토더기
경기도,의왕시,경기도 의왕시,0.048575448,0.116605052,0.126483263,0.466209132,13.28519377,느티&까비
대구광역시,수성구,대구광역시 수성구,0.096581946,0.10237215,0.328241583,0.4617846,13.20972772,
인천광역시,중구,인천광역시 중구,0.036265744,0.160197166,0.281308044,0.380612172,11.82522812,
경기도,시흥시,경기도 시흥시,0.013742175,0.21263093,0.326299847,0.380303818,11.81996874,토로&해로
서울특별시,구로구,서울특별시 구로구,0.058657124,0.137184227,0.32590968,0.378928618,11.79651294,
경기도,의정부시,경기도 의정부시,0.058693073,0.132224276,0.327181184,0.362957006,11.52409668,의돌이&랑이
대구광역시,북구,대구광역시 북구,0.071770515,0.1012939,0.344184682,0.318549591,10.7666714,
광주광역시,서구,광주광역시 서구,0.0538481,0.104682686,0.270692908,0.312595653,10.66511936,
충청남도,계룡시,충청남도 계룡시,0.056840252,0.012168823,0.025905077,0.29480265,10.36163694,용도령
대구광역시,중구,대구광역시 중구,0.044196592,0.089402341,0.213291076,0.275898907,10.03920942,
서울특별시,성북구,서울특별시 성북구,0.048513318,0.119624153,0.327066002,0.274373045,10.01318389,
서울특별시,금천구,서울특별시 금천구,0.046374352,0.044762785,0.147658872,0.218501242,9.060218814,
경기도,군포시,경기도 군포시,0.052958673,0.045686999,0.191701986,0.210152377,8.91781824,포근&포유
서울특별시,중랑구,서울특별시 중랑구,0.06425901,0.043715342,0.249822864,0.202618212,8.789313412,
경기도,화성시,경기도 화성시,0,0.291959335,0.677328946,0.198549058,8.719908782,코리요&알콩이&달콩이&티렉스
경기도,구리시,경기도 구리시,0.053792524,0.049291436,0.223460887,0.193376039,8.631676325,아리미
광주광역시,광산구,광주광역시 광산구,0.010519234,0.148983364,0.308414863,0.191131397,8.59339109,
서울특별시,노원구,서울특별시 노원구,0.071752917,0.077634011,0.412756343,0.178910275,8.384944221,
서울특별시,동작구,서울특별시 동작구,0.032547678,0.09892175,0.292772178,0.16673146,8.177218954,
서울특별시,강동구,서울특별시 강동구,0.049175613,0.090018484,0.358140468,0.157793049,8.024762914,
경기도,오산시,경기도 오산시,0.015322961,0.083025262,0.174859691,0.150830901,7.906014568,까산이&까오
대구광역시,달서구,대구광역시 달서구,0.076369744,0.055637708,0.401050566,0.147711278,7.852805418,
서울특별시,서대문구,서울특별시 서대문구,0.038340775,0.1021565,0.360911429,0.137261947,7.674578701,
서울특별시,용산구,서울특별시 용산구,0.031233468,0.122057917,0.389034472,0.133306619,7.607115526,
경기도,김포시,경기도 김포시,0.043800809,0.1004313,0.388602027,0.13169592,7.579642985,포수&포미&포치
부산광역시,강서구,부산광역시 강서구,0.042839771,0.01900801,0.163725586,0.107497297,7.166904525,부기
서울특별시,강남구,서울특별시 강남구,0.031215018,0.315526802,1,0.102655496,7.084321408,
경기도,과천시,경기도 과천시,0.029579614,0.014725816,0.095801391,0.096274126,6.975478987,토리&아리
서울특별시,서초구,서울특별시 서초구,0.035463616,0.193284042,0.6767893,0.080380905,6.704399759,
울산광역시,북구,울산광역시 북구,0.019490027,0.040511399,0.150541047,0.068443286,6.500788402,
대전광역시,서구,대전광역시 서구,0.03190021,0.084842884,0.377237767,0.036791936,5.960934129,
서울특별시,동대문구,서울특별시 동대문구,0.044001409,0.034288355,0.293244351,0.029627758,5.838739913,
서울특별시,종로구,서울특별시 종로구,0.054660556,0.070209489,0.471711277,0.01221997,5.541827816,
대전광역시,유성구,대전광역시 유성구,0.002884969,0.097350585,0.349004608,-0.042528008,4.608031022,
서울특별시,성동구,서울특별시 성동구,0.030987159,0.028897104,0.285637433,-0.044010328,4.582748147,
서울특별시,마포구,서울특별시 마포구,0.00731759,0.140234134,0.529827404,-0.072537053,4.096188365,
서울특별시,송파구,서울특별시 송파구,0.029373841,0.151047443,0.67892249,-0.078910957,3.987473267,
인천광역시,연수구,인천광역시 연수구,0.016584463,0.041528035,0.293402647,-0.085896228,3.86833055,
경기도,하남시,경기도 하남시,0.028446952,0.022982132,0.298933091,-0.087751937,3.836679045,하남이·방울이
서울특별시,관악구,서울특별시 관악구,0.011168036,0.040326556,0.330703297,-0.153883451,2.70872148,
서울특별시,광진구,서울특별시 광진구,0.016400001,0.032378312,0.35532601,-0.17619107,2.328236491,
서울특별시,중구,서울특별시 중구,0.04682262,0.015557609,0.488296969,-0.20751104,1.794034333,
서울특별시,영등포구,서울특별시 영등포구,0.020130054,0.031792976,0.508723454,-0.312694258,0,
,,,,,,,,
,,,,,,,,
,,,,,,,,
,,,,,,,,
,,,,,,,,
,,,,,,,,
,,,,,,,,
,,,,,,,,
,,,,,,,,
,,,,,,,,
,,,,,,,,
,,,,,,,,
,,,,,,,,
,,,,,,,,
,,,,,,,,
,,,,,,,,
,,,,,,,,
,,,,,,,,
,,,,,,,,
,,,,,,,,
,,,,,,,,
,,,,,,,,
,,,,,,,,
,,,,,,,,
,,,,,,,,
,,,,,,,,
,,,,,,,,
,,,,,,,,
,,,,,,,,
,,,,,,,,
,,,,,,,,
,,,,,,,,
,,,,,,,,
,,,,,,,,
,,,,,,,,
,,,,,,,,
,,,,,,,,
,,,,,,,,
,,,,,,,,
,,,,,,,,
,,,,,,,,
,,,,,,,,
,,,,,,,,
,,,,,,,,
,,,,,,,,
,,,,,,,,
,,,,,,,,
,,,,,,,,
,,,,,,,,
,,,,,,,,
,,,,,,,,
,,,,,,,,
,,,,,,,,
,,,,,,,,
,,,,,,,,
,,,,,,,,
,,,,,,,,
,,,,,,,,
,,,,,,,,
,,,,,,,,
,,,,,,,,
,,,,,,,,
,,,,,,,,
,,,,,,,,
,,,,,,,,
,,,,,,,,
,,,,,,,,
,,,,,,,,
,,,,,,,,
,,,,,,,,
,,,,,,,,
,,,,,,,,
,,,,,,,,
,,,,,,,,
,,,,,,,,
,,,,,,,,
,,,,,,,,
,,,,,,,,
,,,,,,,,
,,,,,,,,
,,,,,,,,
,,,,,,,,
,,,,,,,,
,,,,,,,,
,,,,,,,,
,,,,,,,,
,,,,,,,,
,,,,,,,,
,,,,,,,,
,,,,,,,,
,,,,,,,,
,,,,,,,,
,,,,,,,,
,,,,,,,,
,,,,,,,,
,,,,,,,,
,,,,,,,,
,,,,,,,,
,,,,,,,,
,,,,,,,,
,,,,,,,,
,,,,,,,,
,,,,,,,,
,,,,,,,,
,,,,,,,,
,,,,,,,,
,,,,,,,,
,,,,,,,,
,,,,,,,,
,,,,,,,,
,,,,,,,,
,,,,,,,,
,,,,,,,,
,,,,,,,,
,,,,,,,,
,,,,,,,,
,,,,,,,,
,,,,,,,,
,,,,,,,,
,,,,,,,,
,,,,,,,,
,,,,,,,,
,,,,,,,,
,,,,,,,,
,,,,,,,,
,,,,,,,,
,,,,,,,,
,,,,,,,,
,,,,,,,,
,,,,,,,,
,,,,,,,,
,,,,,,,,
,,,,,,,,
,,,,,,,,
,,,,,,,,
,,,,,,,,
,,,,,,,,
,,,,,,,,
,,,,,,,,
,,,,,,,,
,,,,,,,,
,,,,,,,,
,,,,,,,,
,,,,,,,,
,,,,,,,,
,,,,,,,,
,,,,,,,,
,,,,,,,,
,,,,,,,,
,,,,,,,,
,,,,,,,,
,,,,,,,,
,,,,,,,,
,,,,,,,,
,,,,,,,,
,,,,,,,,
,,,,,,,,
,,,,,,,,
,,,,,,,,
,,,,,,,,
,,,,,,,,
,,,,,,,,
,,,,,,,,
,,,,,,,,
,,,,,,,,
,,,,,,,,
,,,,,,,,
,,,,,,,,
,,,,,,,,
,,,,,,,,
,,,,,,,,
,,,,,,,,
,,,,,,,,
,,,,,,,,
,,,,,,,,
,,,,,,,,
,,,,,,,,
,,,,,,,,
,,,,,,,,
,,,,,,,,
,,,,,,,,
,,,,,,,,
,,,,,,,,
,,,,,,,,
,,,,,,,,
,,,,,,,,
,,,,,,,,
,,,,,,,,
,,,,,,,,
,,,,,,,,
,,,,,,,,
,,,,,,,,
,,,,,,,,
,,,,,,,,
,,,,,,,,
,,,,,,,,
,,,,,,,,
,,,,,,,,
,,,,,,,,
,,,,,,,,
,,,,,,,,
,,,,,,,,
,,,,,,,,
,,,,,,,,
,,,,,,,,
,,,,,,,,
,,,,,,,,
,,,,,,,,
,,,,,,,,
,,,,,,,,
,,,,,,,,
,,,,,,,,
,,,,,,,,
,,,,,,,,
,,,,,,,,
,,,,,,,,
,,,,,,,,
,,,,,,,,
,,,,,,,,
,,,,,,,,
,,,,,,,,
,,,,,,,,
,,,,,,,,
,,,,,,,,
,,,,,,,,
,,,,,,,,
,,,,,,,,
,,,,,,,,
,,,,,,,,
,,,,,,,,
,,,,,,,,
,,,,,,,,
,,,,,,,,
,,,,,,,,
,,,,,,,,
,,,,,,,,
,,,,,,,,
,,,,,,,,
,,,,,,,,
,,,,,,,,
,,,,,,,,
,,,,,,,,
,,,,,,,,
,,,,,,,,
,,,,,,,,
,,,,,,,,
,,,,,,,,
,,,,,,,,
,,,,,,,,
,,,,,,,,
,,,,,,,,
,,,,,,,,
,,,,,,,,
,,,,,,,,
,,,,,,,,
,,,,,,,,
,,,,,,,,
,,,,,,,,
,,,,,,,,
,,,,,,,,
,,,,,,,,
,,,,,,,,
,,,,,,,,
,,,,,,,,
,,,,,,,,
,,,,,,,,
,,,,,,,,
,,,,,,,,
,,,,,,,,
,,,,,,,,
,,,,,,,,
,,,,,,,,
,,,,,,,,
,,,,,,,,
,,,,,,,,
,,,,,,,,
,,,,,,,,
,,,,,,,,
,,,,,,,,
,,,,,,,,
,,,,,,,,
,,,,,,,,
,,,,,,,,
,,,,,,,,
,,,,,,,,
,,,,,,,,
,,,,,,,,
,,,,,,,,
,,,,,,,,
,,,,,,,,
,,,,,,,,
,,,,,,,,
,,,,,,,,
,,,,,,,,
,,,,,,,,
,,,,,,,,
,,,,,,,,
,,,,,,,,
,,,,,,,,
,,,,,,,,
,,,,,,,,
,,,,,,,,
,,,,,,,,
,,,,,,,,
,,,,,,,,
,,,,,,,,
,,,,,,,,
,,,,,,,,
,,,,,,,,
,,,,,,,,
,,,,,,,,
,,,,,,,,
,,,,,,,,
,,,,,,,,
,,,,,,,,
,,,,,,,,
,,,,,,,,
,,,,,,,,
,,,,,,,,
,,,,,,,,
,,,,,,,,
,,,,,,,,
,,,,,,,,
,,,,,,,,
,,,,,,,,
,,,,,,,,
,,,,,,,,
,,,,,,,,
,,,,,,,,
,,,,,,,,
,,,,,,,,
,,,,,,,,
,,,,,,,,
,,,,,,,,
,,,,,,,,
,,,,,,,,
,,,,,,,,
,,,,,,,,
,,,,,,,,
,,,,,,,,
,,,,,,,,
,,,,,,,,
,,,,,,,,
,,,,,,,,
,,,,,,,,
,,,,,,,,
,,,,,,,,
,,,,,,,,
,,,,,,,,
,,,,,,,,
,,,,,,,,
,,,,,,,,
,,,,,,,,
,,,,,,,,
,,,,,,,,
,,,,,,,,
,,,,,,,,
,,,,,,,,
,,,,,,,,
,,,,,,,,
,,,,,,,,
,,,,,,,,
,,,,,,,,
,,,,,,,,
,,,,,,,,
,,,,,,,,
,,,,,,,,
,,,,,,,,
,,,,,,,,
,,,,,,,,
,,,,,,,,
,,,,,,,,
,,,,,,,,
,,,,,,,,
,,,,,,,,
,,,,,,,,
,,,,,,,,
,,,,,,,,
,,,,,,,,
,,,,,,,,
,,,,,,,,
,,,,,,,,
,,,,,,,,
,,,,,,,,
,,,,,,,,
,,,,,,,,
,,,,,,,,
,,,,,,,,
,,,,,,,,
,,,,,,,,
,,,,,,,,
,,,,,,,,
,,,,,,,,
,,,,,,,,
,,,,,,,,
,,,,,,,,
,,,,,,,,
,,,,,,,,
,,,,,,,,
,,,,,,,,
,,,,,,,,
,,,,,,,,
,,,,,,,,
,,,,,,,,
,,,,,,,,
,,,,,,,,
,,,,,,,,
,,,,,,,,
,,,,,,,,
,,,,,,,,
,,,,,,,,강원이&특별이
,,,,,,,,고양가와지볍씨
,,,,,,,,모양도리
,,,,,,,,밝음이
,,,,,,,,싸리와 콩이
,,,,,,,,향이&몽이
,,,,,,,,파도동자
,,,,,,,,
,,,,,,,,삼척동자
,,,,,,,,새남이&새롱이
,,,,,,,,짜니&래요
,,,,,,,,수원이
,,,,,,,,초롱비
,,,,,,,,테크미
,,,,,,,,포동이
,,,,,,,,초롱이(금강초롱꽃)
,,,,,,,,해키
,,,,,,,,다람이(하늘다람쥐)
,,,,,,,,완돌이&완순이(나비)
,,,,,,,,조아용
,,,,,,,,꽁드리(꿩)
,,,,,,,,리뉴얼 후 선화공주&서동
,,,,,,,,수달이(수달)
,,,,,,,,김개인&워리(오수의 개)
,,,,,,,,사과랑&한우랑
,,,,,,,,
,,,,,,,,맛돌이&멋순이
,,,,,,,,산아리(산)
,,,,,,,,단이&풍이
,,,,,,,,
,,,,,,,,빠망
,,,,,,,,피우미
,,,,,,,,나랑이(유관순)
,,,,,,,,철루미(두루미)
,,,,,,,,생이&명이
,,,,,,,,소양강처녀
,,,,,,,,씨컴스(Seecomes)
,,,,,,,,눈동이
,,,,,,,,연오(태양)&세오(달)
,,,,,,,,무궁이(무궁화)
,,,,,,,,산이&진이(진달래)
,,,,,,,,한우리
,,,,,,,,
