,행정구역,연도,20~39세_여성,65세_이상_전체,지방소멸지수
0,강원도,2022,149573,698136,0.2142462213666105
1,강원도 강릉시,2022,20298,98942,0.20515049220755593
2,강원도 고성군,2022,1945,16996,0.11443869145681337
3,강원도 동해시,2022,7521,39840,0.18878012048192772
4,강원도 삼척시,2022,5279,34888,0.1513127722999312
5,강원도 속초시,2022,7880,34998,0.22515572318418195
6,강원도 양구군,2022,1954,10126,0.19296859569425243
7,강원도 양양군,2022,1846,18004,0.10253277049544546
8,강원도 영월군,2022,2389,24318,0.09823998684102311
9,강원도 원주시,2022,42681,121178,0.3522173991978742
10,강원도 인제군,2022,2907,14524,0.20015147342329936
11,강원도 정선군,2022,2097,21668,0.09677865977478309
12,강원도 철원군,2022,3680,21282,0.17291607931585376
13,강원도 춘천시,2022,33930,111296,0.304862708453134
14,강원도 태백시,2022,2732,21900,0.12474885844748858
15,강원도 평창군,2022,2472,25748,0.09600745688985553
16,강원도 홍천군,2022,4964,40270,0.12326794139557984
17,강원도 화천군,2022,2113,11802,0.17903745127944415
18,강원도 횡성군,2022,2885,30356,0.0950388720516537
19,강원특별자치도,2023,145456,731454,0.19885871155260618
20,강원특별자치도,2024,141971,768140,0.1848243809722186
21,강원특별자치도 강릉시,2023,19644,103184,0.19037835323305938
22,강원특별자치도 강릉시,2024,19040,108340,0.17574303119808013
23,강원특별자치도 고성군,2023,1985,17508,0.11337674206077222
24,강원특별자치도 고성군,2024,1925,18210,0.1057111477210324
25,강원특별자치도 동해시,2023,7166,41584,0.17232589457483646
26,강원특별자치도 동해시,2024,6968,43648,0.1596407624633431
27,강원특별자치도 삼척시,2023,5089,35986,0.14141610626354695
28,강원특별자치도 삼척시,2024,4920,37370,0.13165640888413166
29,강원특별자치도 속초시,2023,7515,36880,0.20376898047722342
30,강원특별자치도 속초시,2024,7270,38764,0.18754514497987823
31,강원특별자치도 양구군,2023,1851,10542,0.17558338076266364
32,강원특별자치도 양구군,2024,1780,10960,0.1624087591240876
33,강원특별자치도 양양군,2023,1739,18766,0.09266759032292443
34,강원특별자치도 양양군,2024,1680,19382,0.08667836136621608
35,강원특별자치도 영월군,2023,2279,25304,0.09006481188744862
36,강원특별자치도 영월군,2024,2152,26228,0.08204971785877688
37,강원특별자치도 원주시,2023,41860,128630,0.3254295265490166
38,강원특별자치도 원주시,2024,41253,137444,0.3001440586711679
39,강원특별자치도 인제군,2023,2810,15224,0.1845769837099317
40,강원특별자치도 인제군,2024,2724,15962,0.17065530635258738
41,강원특별자치도 정선군,2023,1948,22468,0.08670108598896208
42,강원특별자치도 정선군,2024,1811,23336,0.07760541652382585
43,강원특별자치도 철원군,2023,3475,22154,0.1568565496072944
44,강원특별자치도 철원군,2024,3294,22936,0.14361702127659576
45,강원특별자치도 춘천시,2023,33611,116900,0.287519247219846
46,강원특별자치도 춘천시,2024,33350,122392,0.2724851297470423
47,강원특별자치도 태백시,2023,2586,22572,0.11456671982987772
48,강원특별자치도 태백시,2024,2369,23564,0.10053471397046342
49,강원특별자치도 평창군,2023,2390,26962,0.08864327572138565
50,강원특별자치도 평창군,2024,2296,28282,0.08118237748391204
51,강원특별자치도 홍천군,2023,4768,42530,0.11210909945920526
52,강원특별자치도 홍천군,2024,4549,44758,0.10163546181688189
53,강원특별자치도 화천군,2023,2020,12252,0.16487104146261836
54,강원특별자치도 화천군,2024,1960,12742,0.15382200596452678
55,강원특별자치도 횡성군,2023,2720,32008,0.0849787553111722
56,강원특별자치도 횡성군,2024,2630,33822,0.07776003784518952
57,경기도,2022,1719536,3966462,0.4335188387031062
58,경기도,2023,1690840,4225394,0.40016149973233267
59,경기도,2024,1679198,4517234,0.3717314622178085
60,경기도 가평군,2022,4902,35546,0.13790581218702527
61,경기도 가평군,2023,4825,37298,0.12936350474556277
62,경기도 가평군,2024,4830,39512,0.12224134440170074
63,경기도 고양시,2022,139929,324108,0.4317357177237217
64,경기도 고양시,2023,137601,343888,0.4001331828967571
65,경기도 고양시,2024,135497,366432,0.3697739280412191
66,경기도 고양시 덕양구,2022,64742,156222,0.4144230646131787
67,경기도 고양시 덕양구,2023,65075,164864,0.3947192837732919
68,경기도 고양시 덕양구,2024,63667,174574,0.36469921064992494
69,경기도 고양시 일산동구,2022,39334,84038,0.4680501677812418
70,경기도 고양시 일산동구,2023,37934,89786,0.422493484507607
71,경기도 고양시 일산동구,2024,38311,96596,0.3966106256987867
72,경기도 고양시 일산서구,2022,35853,83848,0.42759517221639154
73,경기도 고양시 일산서구,2023,34592,89238,0.38763755350859497
74,경기도 고양시 일산서구,2024,33519,95262,0.35186118284310636
75,경기도 과천시,2022,10572,22082,0.47876098179512727
76,경기도 과천시,2023,10716,23328,0.4593621399176955
77,경기도 과천시,2024,11435,25398,0.4502323017560438
78,경기도 광명시,2022,35445,89762,0.3948775651166418
79,경기도 광명시,2023,33829,93256,0.36275413914386206
80,경기도 광명시,2024,33536,98814,0.3393851073734491
81,경기도 광주시,2022,46302,118434,0.39095192258979683
82,경기도 광주시,2023,44278,127554,0.3471314110102388
83,경기도 광주시,2024,44067,137752,0.3199009814739532
84,경기도 구리시,2022,23790,58118,0.4093396193950239
85,경기도 구리시,2023,23064,61758,0.3734576896920237
86,경기도 구리시,2024,23004,65990,0.3485982724655251
87,경기도 군포시,2022,34191,81140,0.42138279516884397
88,경기도 군포시,2023,32627,86802,0.3758784359807378
89,경기도 군포시,2024,31395,92672,0.338775466160221
90,경기도 김포시,2022,60242,133070,0.45270910047343504
91,경기도 김포시,2023,57736,142668,0.40468780665601256
92,경기도 김포시,2024,56108,152506,0.3679068364523363
93,경기도 남양주시,2022,84639,229210,0.3692639937175516
94,경기도 남양주시,2023,81632,242660,0.3364048462869859
95,경기도 남양주시,2024,80718,257976,0.31288957112289517
96,경기도 동두천시,2022,9211,40720,0.2262033398821218
97,경기도 동두천시,2023,8514,42504,0.20031055900621117
98,경기도 동두천시,2024,7993,44668,0.1789424196292648
99,경기도 부천시,2022,102912,250238,0.4112564838273963
100,경기도 부천시,2023,99287,267482,0.37119133250087855
101,경기도 부천시,2024,95774,287270,0.33339367145890625
102,경기도 부천시 소사구,2024,26940,89778,0.30007351466951815
103,경기도 부천시 오정구,2024,17180,60994,0.2816670492179559
104,경기도 부천시 원미구,2024,51654,136498,0.37842312707878506
105,경기도 성남시,2022,123734,287690,0.43009489380930865
106,경기도 성남시,2023,121602,303680,0.40042808219178083
107,경기도 성남시,2024,119551,320406,0.3731234745916119
108,경기도 성남시 분당구,2022,65086,132978,0.4894493826046414
109,경기도 성남시 분당구,2023,62626,139010,0.4505143514855046
110,경기도 성남시 분당구,2024,61918,146272,0.4233072631809232
111,경기도 성남시 수정구,2022,30503,81246,0.37544002166260493
112,경기도 성남시 수정구,2023,31299,86686,0.36106176314514454
113,경기도 성남시 수정구,2024,30885,91748,0.3366285913589397
114,경기도 성남시 중원구,2022,28145,73466,0.3831023874989791
115,경기도 성남시 중원구,2023,27677,77984,0.3549061345917111
116,경기도 성남시 중원구,2024,26748,82386,0.32466681232248196
117,경기도 송탄출장소,2022,0,0,
118,경기도 송탄출장소,2023,0,0,
119,경기도 송탄출장소,2024,0,0,
120,경기도 수원시,2022,170460,292888,0.5819972139520909
121,경기도 수원시,2023,170341,313204,0.5438659787231326
122,경기도 수원시,2024,168709,335056,0.5035247839167184
123,경기도 수원시 권선구,2022,51292,93182,0.5504496576592046
124,경기도 수원시 권선구,2023,50635,100108,0.5058037319694729
125,경기도 수원시 권선구,2024,49469,108144,0.4574363811214677
126,경기도 수원시 영통구,2022,55812,60020,0.9298900366544485
127,경기도 수원시 영통구,2023,56054,64392,0.870511864827929
128,경기도 수원시 영통구,2024,55337,69312,0.7983754616805171
129,경기도 수원시 장안구,2022,34313,79812,0.42992281862376586
130,경기도 수원시 장안구,2023,33945,85052,0.3991087805107464
131,경기도 수원시 장안구,2024,34677,90894,0.38151033071489865
132,경기도 수원시 팔달구,2022,29043,59874,0.4850686441527207
133,경기도 수원시 팔달구,2023,29707,63652,0.4667096084961981
134,경기도 수원시 팔달구,2024,29226,66706,0.438131502413576
135,경기도 시흥시,2022,65194,109100,0.5975618698441797
136,경기도 시흥시,2023,64368,119042,0.5407167218292703
137,경기도 시흥시,2024,62618,129796,0.48243397331196647
138,경기도 안산시,2022,84433,162008,0.5211656214507926
139,경기도 안산시,2023,80831,173850,0.46494679321253957
140,경기도 안산시,2024,78174,187550,0.41681684884030923
141,경기도 안산시 단원구,2022,39197,72852,0.5380360182287377
142,경기도 안산시 단원구,2023,38312,78792,0.48624225809726873
143,경기도 안산시 단원구,2024,37899,85652,0.442476532947275
144,경기도 안산시 상록구,2022,45236,89156,0.5073803221319934
145,경기도 안산시 상록구,2023,42519,95058,0.44729533547939154
146,경기도 안산시 상록구,2024,40275,101898,0.39524818936583644
147,경기도 안성시,2022,19879,72302,0.27494398495200684
148,경기도 안성시,2023,19466,76132,0.25568749014868913
149,경기도 안성시,2024,20089,81410,0.24676329689227366
150,경기도 안양시,2022,72599,168000,0.43213690476190475
151,경기도 안양시,2023,70573,179218,0.39378299054782445
152,경기도 안양시,2024,72186,193988,0.37211580097738006
153,경기도 안양시 동안구,2022,41992,84544,0.4966881150643452
154,경기도 안양시 동안구,2023,41277,90950,0.4538427707531611
155,경기도 안양시 동안구,2024,43161,99418,0.43413667545112555
156,경기도 안양시 만안구,2022,30607,83456,0.366744152607362
157,경기도 안양시 만안구,2023,29296,88268,0.33189830969320705
158,경기도 안양시 만안구,2024,29025,94570,0.3069155123189172
159,경기도 안중출장소,2022,0,0,
160,경기도 안중출장소,2023,0,0,
161,경기도 안중출장소,2024,0,0,
162,경기도 양주시,2022,26566,83410,0.3184989809375375
163,경기도 양주시,2023,30274,91966,0.3291868734097384
164,경기도 양주시,2024,33697,100830,0.3341961717742735
165,경기도 양평군,2022,9451,68158,0.13866310631180492
166,경기도 양평군,2023,9445,73348,0.1287697006053335
167,경기도 양평군,2024,9266,78358,0.11825212486280916
168,경기도 여주시,2022,10374,54400,0.1906985294117647
169,경기도 여주시,2023,10353,57638,0.17962108331309207
170,경기도 여주시,2024,10112,60922,0.16598273201799021
171,경기도 연천군,2022,3366,24540,0.1371638141809291
172,경기도 연천군,2023,3261,25670,0.12703544994156604
173,경기도 연천군,2024,3120,26754,0.11661807580174927
174,경기도 오산시,2022,29639,50318,0.5890337453793871
175,경기도 오산시,2023,28581,53792,0.5313243604997026
176,경기도 오산시,2024,30183,59040,0.511229674796748
177,경기도 용인시,2022,131945,312746,0.4218918867067844
178,경기도 용인시,2023,128869,329740,0.39082004003154003
179,경기도 용인시,2024,129161,349438,0.3696249406189367
180,경기도 용인시 기흥구,2022,53751,124608,0.4313607473035439
181,경기도 용인시 기흥구,2023,52341,131654,0.3975648290215261
182,경기도 용인시 기흥구,2024,51722,139352,0.3711608014237327
183,경기도 용인시 수지구,2022,48082,104794,0.4588239784720499
184,경기도 용인시 수지구,2023,47074,109126,0.4313729083811374
185,경기도 용인시 수지구,2024,46366,113542,0.40835990206267286
186,경기도 용인시 처인구,2022,30112,83344,0.3612977538875024
187,경기도 용인시 처인구,2023,29454,88960,0.33109262589928057
188,경기도 용인시 처인구,2024,31073,96544,0.3218532482598608
189,경기도 의왕시,2022,20829,49684,0.41922953063360435
190,경기도 의왕시,2023,20513,52714,0.38913761050195395
191,경기도 의왕시,2024,19572,55696,0.35140764148233267
192,경기도 의정부시,2022,60099,154422,0.38918677390527256
193,경기도 의정부시,2023,58840,163518,0.3598380606416419
194,경기도 의정부시,2024,57176,173372,0.32978797037583923
195,경기도 이천시,2022,26658,69332,0.38449777880343855
196,경기도 이천시,2023,25913,73630,0.351935352437865
197,경기도 이천시,2024,25394,78402,0.3238947986020765
198,경기도 파주시,2022,60054,146486,0.4099640921316713
199,경기도 파주시,2023,58824,155850,0.3774398460057748
200,경기도 파주시,2024,59875,166426,0.3597695071683511
201,경기도 평택시,2022,73133,146046,0.5007531873519302
202,경기도 평택시,2023,73807,154796,0.47680172614279437
203,경기도 평택시,2024,74276,164710,0.4509501548175581
204,경기도 포천시,2022,13495,65538,0.2059110744911349
205,경기도 포천시,2023,12854,69538,0.18484857200379648
206,경기도 포천시,2024,12357,74288,0.16633911264268791
207,경기도 풍양출장소,2022,0,0,
208,경기도 풍양출장소,2023,0,0,
209,경기도 풍양출장소,2024,0,0,
210,경기도 하남시,2022,44642,88866,0.5023518556028177
211,경기도 하남시,2023,44011,94778,0.4643588174470869
212,경기도 하남시,2024,42920,101046,0.4247570413475051
213,경기도 화성시,2022,120851,178100,0.6785569904548007
214,경기도 화성시,2023,124005,194092,0.638898048348206
215,경기도 화성시,2024,126405,210756,0.5997694015828731
216,경기도 화성시동부출장소,2022,0,0,
217,경기도 화성시동부출장소,2023,0,0,
218,경기도 화성시동부출장소,2024,0,0,
219,경기도 화성시동탄출장소,2022,0,0,
220,경기도 화성시동탄출장소,2023,0,0,
221,경기도 화성시동탄출장소,2024,0,0,
222,경상남도,2022,320677,1274700,0.2515705656232839
223,경상남도,2023,305563,1336360,0.2286532072196115
224,경상남도,2024,293940,1405738,0.20910013103437483
225,경상남도 거제시,2022,23068,62340,0.3700352903432788
226,경상남도 거제시,2023,21129,67110,0.3148413053196245
227,경상남도 거제시,2024,19773,72430,0.2729946154908187
228,경상남도 거창군,2022,4362,35998,0.12117339852214012
229,경상남도 거창군,2023,4181,37000,0.113
230,경상남도 거창군,2024,4038,38290,0.1054583442151998
231,경상남도 고성군,2022,2914,34026,0.08564039264092164
232,경상남도 고성군,2023,2642,34944,0.07560668498168498
233,경상남도 고성군,2024,2331,35654,0.065378358669434
234,경상남도 김해시,2022,59088,140126,0.42167763298745414
235,경상남도 김해시,2023,57132,149348,0.3825427859763773
236,경상남도 김해시,2024,55333,160306,0.3451711102516437
237,경상남도 남해군,2022,2125,33372,0.06367613568260817
238,경상남도 남해군,2023,1967,33728,0.05831949715370019
239,경상남도 남해군,2024,1753,34044,0.05149218658207026
240,경상남도 밀양시,2022,7108,64776,0.10973199950598987
241,경상남도 밀양시,2023,6784,67390,0.10066775485977147
242,경상남도 밀양시,2024,6359,69908,0.09096240773588145
243,경상남도 사천남양출장소,2022,0,0,
244,경상남도 사천남양출장소,2023,0,0,
245,경상남도 사천남양출장소,2024,0,0,
246,경상남도 사천시,2022,8674,52592,0.1649300273805902
247,경상남도 사천시,2023,8400,54146,0.15513611347098585
248,경상남도 사천시,2024,8062,56056,0.1438204652490367
249,경상남도 산청군,2022,1702,27000,0.06303703703703703
250,경상남도 산청군,2023,1607,27658,0.05810253814447899
251,경상남도 산청군,2024,1533,28244,0.05427701458716896
252,경상남도 양산시,2022,38775,111152,0.34884662444220527
253,경상남도 양산시,2023,37593,119078,0.31570063319840774
254,경상남도 양산시,2024,37035,127986,0.28936758707983684
255,경상남도 양산시웅상출장소,2022,0,0,
256,경상남도 양산시웅상출장소,2023,0,0,
257,경상남도 양산시웅상출장소,2024,0,0,
258,경상남도 의령군,2022,1396,20608,0.06774068322981366
259,경상남도 의령군,2023,1290,20938,0.061610469003725285
260,경상남도 의령군,2024,1220,21286,0.05731466691722259
261,경상남도 장유출장소,2022,0,0,
262,경상남도 장유출장소,2023,0,0,
263,경상남도 장유출장소,2024,0,0,
264,경상남도 진주시,2022,38097,128430,0.2966362999299229
265,경상남도 진주시,2023,36911,134354,0.2747294460901797
266,경상남도 진주시,2024,36115,140180,0.2576330432301327
267,경상남도 창녕군,2022,3454,40272,0.08576678585617799
268,경상남도 창녕군,2023,3073,41234,0.07452587670369112
269,경상남도 창녕군,2024,2811,42730,0.06578516264919261
270,경상남도 창원시,2022,109789,339320,0.3235559354002122
271,경상남도 창원시,2023,104271,359502,0.290042892668191
272,경상남도 창원시,2024,100400,382990,0.2621478367581399
273,경상남도 창원시 마산합포구,2022,17567,83296,0.21089848252016904
274,경상남도 창원시 마산합포구,2023,16845,87146,0.19329630734629244
275,경상남도 창원시 마산합포구,2024,16202,91706,0.1766732820099012
276,경상남도 창원시 마산회원구,2022,17704,74728,0.23691253613103522
277,경상남도 창원시 마산회원구,2023,16628,78322,0.21230305661244606
278,경상남도 창원시 마산회원구,2024,16202,82702,0.19590820052719402
279,경상남도 창원시 성산구,2022,30752,52620,0.5844165716457621
280,경상남도 창원시 성산구,2023,29466,57430,0.5130767891345986
281,경상남도 창원시 성산구,2024,28686,63526,0.4515631395019362
282,경상남도 창원시 의창구,2022,24027,66482,0.36140609488282543
283,경상남도 창원시 의창구,2023,22813,71112,0.32080380245246937
284,경상남도 창원시 의창구,2024,21681,76152,0.2847069019855027
285,경상남도 창원시 진해구,2022,19739,62194,0.3173778821108145
286,경상남도 창원시 진해구,2023,18519,65492,0.2827673608990411
287,경상남도 창원시 진해구,2024,17629,68904,0.25584871705561363
288,경상남도 통영시,2022,9656,54968,0.17566584194440402
289,경상남도 통영시,2023,8940,57490,0.15550530527048181
290,경상남도 통영시,2024,8342,60402,0.13810800966855402
291,경상남도 하동군,2022,2156,32184,0.06698980860054686
292,경상남도 하동군,2023,2023,32962,0.061373703051999275
293,경상남도 하동군,2024,1835,33554,0.05468796566728259
294,경상남도 함안군,2022,4095,34690,0.11804554626693571
295,경상남도 함안군,2023,3725,35858,0.10388197891683865
296,경상남도 함안군,2024,3423,37060,0.09236373448461954
297,경상남도 함양군,2022,2203,27496,0.08012074483561245
298,경상남도 함양군,2023,2046,27952,0.07319690898683458
299,경상남도 함양군,2024,1837,28392,0.06470132431670893
300,경상남도 합천군,2022,2015,35350,0.057001414427157004
301,경상남도 합천군,2023,1849,35668,0.051839183581922174
302,경상남도 합천군,2024,1740,36226,0.04803180036437917
303,경상북도,2022,235927,1234434,0.19112159904863282
304,경상북도,2023,224020,1258882,0.17795154748419628
305,경상북도,2024,215592,1316364,0.16377840779601996
306,경상북도 경산시,2022,30774,99222,0.3101529902642559
307,경상북도 경산시,2023,29747,103704,0.2868452518707089
308,경상북도 경산시,2024,29700,109920,0.2701965065502183
309,경상북도 경주시,2022,21408,123502,0.17334132240773428
310,경상북도 경주시,2023,20573,128374,0.16025830775702246
311,경상북도 경주시,2024,19639,134248,0.14628895774983613
312,경상북도 고령군,2022,1800,20970,0.08583690987124463
313,경상북도 고령군,2023,1688,21700,0.07778801843317973
314,경상북도 고령군,2024,1634,22756,0.07180523817894181
315,경상북도 구미시,2022,50335,90312,0.5573456462042696
316,경상북도 구미시,2023,47813,96430,0.495831172871513
317,경상북도 구미시,2024,45997,105310,0.436777134175292
318,경상북도 군위군,2022,1078,20116,0.05358918274010738
319,경상북도 김천시,2022,12456,69478,0.17927977201416276
320,경상북도 김천시,2023,11772,71542,0.16454669984065304
321,경상북도 김천시,2024,11166,74730,0.14941790445604175
322,경상북도 문경시,2022,5040,45634,0.11044396721742561
323,경상북도 문경시,2023,4705,46680,0.10079263067694945
324,경상북도 문경시,2024,4301,48080,0.08945507487520798
325,경상북도 봉화군,2022,1367,23894,0.05721101531765297
326,경상북도 봉화군,2023,1263,24402,0.05175805261863781
327,경상북도 봉화군,2024,1128,25076,0.04498325091721168
328,경상북도 상주시,2022,6167,63798,0.0966644722405091
329,경상북도 상주시,2023,5881,65458,0.08984386935133978
330,경상북도 상주시,2024,5504,67280,0.08180737217598097
331,경상북도 성주군,2022,2454,29892,0.0820955439582497
332,경상북도 성주군,2023,2271,30740,0.07387768379960963
333,경상북도 성주군,2024,2135,32018,0.06668124180148666
334,경상북도 안동시,2022,13764,82436,0.16696588868940754
335,경상북도 안동시,2023,13421,84714,0.15842717850650423
336,경상북도 안동시,2024,13511,87516,0.15438319850084556
337,경상북도 영덕군,2022,1832,27976,0.06548470117243352
338,경상북도 영덕군,2023,1733,28386,0.061051222433594024
339,경상북도 영덕군,2024,1562,28864,0.054115853658536585
340,경상북도 영양군,2022,838,12792,0.06550969355847405
341,경상북도 영양군,2023,763,12958,0.05888254360240778
342,경상북도 영양군,2024,724,13194,0.054873427315446414
343,경상북도 영주시,2022,7402,59444,0.12452055716304421
344,경상북도 영주시,2023,7216,60848,0.11859058637917434
345,경상북도 영주시,2024,6962,63082,0.11036428775244919
346,경상북도 영천시,2022,7677,61648,0.12452958733454451
347,경상북도 영천시,2023,7205,63488,0.1134860131048387
348,경상북도 영천시,2024,6683,65878,0.10144509547952275
349,경상북도 예천군,2022,4242,35236,0.12038823930071518
350,경상북도 예천군,2023,4092,35756,0.11444233135697505
351,경상북도 예천군,2024,3914,36480,0.10729166666666666
352,경상북도 울릉군,2022,621,4960,0.12520161290322582
353,경상북도 울릉군,2023,601,5192,0.11575500770416025
354,경상북도 울릉군,2024,546,5470,0.09981718464351005
355,경상북도 울진군,2022,3343,28542,0.11712563940859085
356,경상북도 울진군,2023,3197,29130,0.10974939924476484
357,경상북도 울진군,2024,3119,29860,0.10445411922304086
358,경상북도 의성군,2022,2396,44352,0.05402236652236652
359,경상북도 의성군,2023,2307,45364,0.05085530376510008
360,경상북도 의성군,2024,2084,46154,0.045153182822723924
361,경상북도 청도군,2022,2092,33752,0.06198151220668405
362,경상북도 청도군,2023,1985,34644,0.05729707885925413
363,경상북도 청도군,2024,1807,35886,0.050353898456222485
364,경상북도 청송군,2022,1191,19634,0.06066007945400835
365,경상북도 청송군,2023,1114,20084,0.055467038438558054
366,경상북도 청송군,2024,1061,20730,0.05118186203569706
367,경상북도 칠곡군,2022,10322,39946,0.25839883843188305
368,경상북도 칠곡군,2023,9485,41604,0.22798288626093643
369,경상북도 칠곡군,2024,8531,43562,0.195835820210275
370,경상북도 포항시,2022,47328,196898,0.2403681093764284
371,경상북도 포항시,2023,45188,207684,0.21758055507405483
372,경상북도 포항시,2024,43884,220270,0.19922821991192627
373,경상북도 포항시 남구,2022,20827,90932,0.22903928210091057
374,경상북도 포항시 남구,2023,20004,95920,0.2085487906588824
375,경상북도 포항시 남구,2024,18584,101174,0.18368355506355388
376,경상북도 포항시 북구,2022,26501,105966,0.25008965139761813
377,경상북도 포항시 북구,2023,25184,111764,0.22533194946494398
378,경상북도 포항시 북구,2024,25300,119096,0.21243366695774837
379,광주광역시,2022,180904,444856,0.4066574352149909
380,광주광역시,2023,175054,466792,0.37501499597251026
381,광주광역시,2024,170259,492952,0.34538656907771953
382,광주광역시 광산구,2022,51331,83774,0.6127318738510755
383,광주광역시 광산구,2023,49674,88556,0.5609331948145806
384,광주광역시 광산구,2024,47991,94620,0.5071972098922004
385,광주광역시 남구,2022,24866,81368,0.30559925277750466
386,광주광역시 남구,2023,23614,84840,0.2783356907119283
387,광주광역시 남구,2024,22620,88970,0.2542430032595257
388,광주광역시 동구,2022,14047,46484,0.3021900008605111
389,광주광역시 동구,2023,14218,48150,0.29528556593977157
390,광주광역시 동구,2024,13940,49830,0.2797511539233394
391,광주광역시 북구,2022,53297,141450,0.3767903852951573
392,광주광역시 북구,2023,51480,148626,0.3463727746154778
393,광주광역시 북구,2024,51003,158556,0.32167183834102775
394,광주광역시 서구,2022,37363,91780,0.40709304859446505
395,광주광역시 서구,2023,36068,96620,0.37329745394328295
396,광주광역시 서구,2024,34705,100976,0.34369553161147204
397,대구광역시,2022,269199,869446,0.3096212990801039
398,대구광역시,2023,263826,930712,0.2834668511848993
399,대구광역시,2024,258390,984454,0.2624703642831458
400,대구광역시 군위군,2023,926,20600,0.044951456310679615
401,대구광역시 군위군,2024,851,21240,0.040065913370998116
402,대구광역시 남구,2022,17304,70966,0.24383507595186427
403,대구광역시 남구,2023,16801,72930,0.2303715891951186
404,대구광역시 남구,2024,16108,75268,0.21400860923632886
405,대구광역시 달서구,2022,62229,178064,0.34947546949411445
406,대구광역시 달서구,2023,59523,187176,0.3180055135273753
407,대구광역시 달서구,2024,57569,200528,0.287087090082183
408,대구광역시 달성군,2022,30404,75926,0.40044253615362324
409,대구광역시 달성군,2023,28669,80348,0.3568103748693185
410,대구광역시 달성군,2024,26741,85872,0.3114053474939445
411,대구광역시 동구,2022,37899,146362,0.2589401620639237
412,대구광역시 동구,2023,38072,153174,0.24855393212947366
413,대구광역시 동구,2024,37745,161462,0.23377017502570263
414,대구광역시 북구,2022,50796,140720,0.36097214326321775
415,대구광역시 북구,2023,48239,147104,0.32792446160539485
416,대구광역시 북구,2024,46634,156064,0.29881330736108264
417,대구광역시 서구,2022,15228,81576,0.18667255075022066
418,대구광역시 서구,2023,15854,85682,0.18503302910763053
419,대구광역시 서구,2024,15631,90242,0.1732120298752244
420,대구광역시 수성구,2022,43322,143800,0.30126564673157163
421,대구광역시 수성구,2023,41999,149626,0.2806931950329488
422,대구광역시 수성구,2024,41553,157948,0.263080254260896
423,대구광역시 중구,2022,12017,32032,0.3751560939060939
424,대구광역시 중구,2023,13743,34072,0.40335172575722
425,대구광역시 중구,2024,15558,35830,0.4342171364778119
426,대전광역시,2022,185703,464192,0.40005644216186403
427,대전광역시,2023,183206,488422,0.37509776381899257
428,대전광역시,2024,181653,517312,0.3511478566126438
429,대전광역시 대덕구,2022,18978,62418,0.3040469095453235
430,대전광역시 대덕구,2023,18189,65960,0.27575803517283204
431,대전광역시 대덕구,2024,17754,70140,0.2531223267750214
432,대전광역시 동구,2022,24951,91592,0.27241462136431127
433,대전광역시 동구,2023,24401,95084,0.2566257204156325
434,대전광역시 동구,2024,24623,99908,0.2464567402009849
435,대전광역시 서구,2022,65728,135542,0.48492718124271444
436,대전광역시 서구,2023,64155,142740,0.4494535519125683
437,대전광역시 서구,2024,62494,150902,0.41413632688764895
438,대전광역시 유성구,2022,50071,77476,0.6462775569208529
439,대전광역시 유성구,2023,51442,83586,0.615437992008231
440,대전광역시 유성구,2024,51802,90902,0.5698664495830674
441,대전광역시 중구,2022,25975,97164,0.2673315219628669
442,대전광역시 중구,2023,25019,101052,0.24758540157542652
443,대전광역시 중구,2024,24980,105460,0.2368670586004172
444,동해출장소,2022,0,0,
445,동해출장소,2023,0,0,
446,동해출장소,2024,0,0,
447,부산광역시,2022,383221,1420592,0.26976147972113035
448,부산광역시,2023,371975,1486174,0.2502903428535286
449,부산광역시,2024,362357,1556628,0.2327832982575156
450,부산광역시 강서구,2022,17665,37914,0.4659228780925252
451,부산광역시 강서구,2023,16433,40280,0.40796921549155907
452,부산광역시 강서구,2024,15682,42644,0.3677422380639715
453,부산광역시 금정구,2022,24567,103984,0.2362575011540237
454,부산광역시 금정구,2023,23155,107872,0.21465255117175913
455,부산광역시 금정구,2024,22070,112230,0.1966497371469304
456,부산광역시 기장군,2022,19356,62258,0.31089980404124773
457,부산광역시 기장군,2023,18528,65748,0.2818032487680234
458,부산광역시 기장군,2024,17424,68490,0.25440210249671485
459,부산광역시 남구,2022,28387,113616,0.24985037318687509
460,부산광역시 남구,2023,28045,117590,0.23849817161323242
461,부산광역시 남구,2024,28186,122740,0.2296398891966759
462,부산광역시 동구,2022,9807,48546,0.20201458410579656
463,부산광역시 동구,2023,10011,50026,0.2001159397113501
464,부산광역시 동구,2024,9719,51144,0.19003206632254027
465,부산광역시 동래구,2022,30773,109514,0.28099603703636067
466,부산광역시 동래구,2023,29459,114768,0.2566830475393838
467,부산광역시 동래구,2024,29577,121592,0.2432479110467794
468,부산광역시 부산진구,2022,49915,150902,0.3307775907542644
469,부산광역시 부산진구,2023,50453,158188,0.3189432826763092
470,부산광역시 부산진구,2024,50457,165170,0.30548525761336803
471,부산광역시 북구,2022,31168,111342,0.2799303048265704
472,부산광역시 북구,2023,29365,118106,0.2486325842886898
473,부산광역시 북구,2024,27937,125196,0.22314610690437395
474,부산광역시 사상구,2022,22918,85748,0.267271539860988
475,부산광역시 사상구,2023,22691,91252,0.24866304300179723
476,부산광역시 사상구,2024,21734,96800,0.22452479338842976
477,부산광역시 사하구,2022,32453,131230,0.24729863598262591
478,부산광역시 사하구,2023,30803,137816,0.2235081558019388
479,부산광역시 사하구,2024,29156,144878,0.2012451856044396
480,부산광역시 서구,2022,11505,56702,0.20290289584141652
481,부산광역시 서구,2023,11399,58374,0.1952752937951828
482,부산광역시 서구,2024,10934,60658,0.180256520162221
483,부산광역시 수영구,2022,23897,80948,0.29521421159262734
484,부산광역시 수영구,2023,23315,84604,0.2755779868564134
485,부산광역시 수영구,2024,22647,87718,0.25817962105839165
486,부산광역시 연제구,2022,24094,87924,0.2740321186479232
487,부산광역시 연제구,2023,24516,92232,0.265807962529274
488,부산광역시 연제구,2024,25250,97726,0.25837545791294025
489,부산광역시 영도구,2022,9265,65348,0.14177939646201873
490,부산광역시 영도구,2023,8817,67160,0.13128350208457415
491,부산광역시 영도구,2024,8299,69146,0.12002140398576924
492,부산광역시 중구,2022,5074,22812,0.22242679291600911
493,부산광역시 중구,2023,4792,23590,0.20313692242475626
494,부산광역시 중구,2024,4565,24194,0.18868314458130114
495,부산광역시 해운대구,2022,42377,151804,0.2791560169692498
496,부산광역시 해운대구,2023,40193,158568,0.25347484990666463
497,부산광역시 해운대구,2024,38720,166302,0.23282943079457855
498,북부출장소,2022,0,0,
499,북부출장소,2023,0,0,
500,북부출장소,2024,0,0,
501,서울특별시,2022,1431359,3289896,0.43507727903860793
502,서울특별시,2023,1419399,3440388,0.41256945437549486
503,서울특별시,2024,1406509,3599464,0.39075512354061603
504,서울특별시 강남구,2022,75393,160272,0.4704065588499551
505,서울특별시 강남구,2023,76905,170018,0.4523344587043725
506,서울특별시 강남구,2024,77468,179588,0.4313651246185714
507,서울특별시 강동구,2022,64642,155362,0.4160734285089018
508,서울특별시 강동구,2023,63731,164566,0.3872671147138534
509,서울특별시 강동구,2024,65902,178308,0.36959642865154674
510,서울특별시 강북구,2022,37425,131738,0.284086596122607
511,서울특별시 강북구,2023,36352,136332,0.26664319455447
512,서울특별시 강북구,2024,35503,141802,0.25037023455240404
513,서울특별시 강서구,2022,93366,192714,0.4844795915190386
514,서울특별시 강서구,2023,91530,202528,0.4519375098751778
515,서울특별시 강서구,2024,89544,213288,0.41982671317655
516,서울특별시 관악구,2022,95172,162828,0.5844940673594222
517,서울특별시 관악구,2023,93888,168638,0.5567428456219832
518,서울특별시 관악구,2024,93296,175312,0.5321712147485625
519,서울특별시 광진구,2022,59373,106694,0.5564792771852213
520,서울특별시 광진구,2023,58848,112068,0.5251097547917336
521,서울특별시 광진구,2024,58172,117800,0.4938200339558574
522,서울특별시 구로구,2022,57177,148246,0.3856900017538416
523,서울특별시 구로구,2023,56144,155984,0.35993435224125553
524,서울특별시 구로구,2024,54808,163218,0.3357962969770491
525,서울특별시 금천구,2022,35317,83952,0.42068086525633697
526,서울특별시 금천구,2023,35093,88584,0.3961550618621873
527,서울특별시 금천구,2024,34641,93592,0.3701277886998889
528,서울특별시 노원구,2022,64075,183186,0.3497810968087081
529,서울특별시 노원구,2023,62929,191878,0.32796360187202284
530,서울특별시 노원구,2024,61701,200134,0.30829844004516976
531,서울특별시 도봉구,2022,38146,133200,0.28638138138138136
532,서울특별시 도봉구,2023,36913,139998,0.2636680524007486
533,서울특별시 도봉구,2024,36102,147476,0.2447991537606119
534,서울특별시 동대문구,2022,52448,127716,0.4106611544364058
535,서울특별시 동대문구,2023,53646,132784,0.40400951921918304
536,서울특별시 동대문구,2024,53711,137792,0.38979766604737576
537,서울특별시 동작구,2022,62626,134698,0.46493637618969846
538,서울특별시 동작구,2023,62170,139156,0.44676478197131275
539,서울특별시 동작구,2024,61827,144466,0.4279692107485498
540,서울특별시 마포구,2022,66361,109962,0.603490296647933
541,서울특별시 마포구,2023,66321,113842,0.5825705802779291
542,서울특별시 마포구,2024,66014,118010,0.5593932717566308
543,서울특별시 서대문구,2022,48109,110122,0.436870016890358
544,서울특별시 서대문구,2023,48464,114284,0.42406636099541495
545,서울특별시 서대문구,2024,47814,118420,0.40376625570005065
546,서울특별시 서초구,2022,56170,122712,0.4577384444879066
547,서울특별시 서초구,2023,56259,129318,0.43504384540435204
548,서울특별시 서초구,2024,56099,135370,0.41441235133338256
549,서울특별시 성동구,2022,44616,94210,0.4735802993312812
550,서울특별시 성동구,2023,44263,97646,0.4533006984413084
551,서울특별시 성동구,2024,43705,101190,0.431910267813025
552,서울특별시 성북구,2022,62852,153526,0.40938994046611
553,서울특별시 성북구,2023,62051,159378,0.3893322792355281
554,서울특별시 성북구,2024,61460,165648,0.37102772143340096
555,서울특별시 송파구,2022,100692,204944,0.4913147006011398
556,서울특별시 송파구,2023,99122,215360,0.4602618870728083
557,서울특별시 송파구,2024,97763,225916,0.4327404876148657
558,서울특별시 양천구,2022,54156,143664,0.3769629134647511
559,서울특별시 양천구,2023,52597,151364,0.34748685288443754
560,서울특별시 양천구,2024,50972,159398,0.31977816534711856
561,서울특별시 영등포구,2022,65373,125470,0.5210249462022795
562,서울특별시 영등포구,2023,65856,130494,0.5046668812359189
563,서울특별시 영등포구,2024,66401,135896,0.4886162948136811
564,서울특별시 용산구,2022,35914,75284,0.4770469156792944
565,서울특별시 용산구,2023,34755,76848,0.45225640224859465
566,서울특별시 용산구,2024,33619,76272,0.4407777428151877
567,서울특별시 은평구,2022,66650,177510,0.37547180440538563
568,서울특별시 은평구,2023,66632,185876,0.35847554283500827
569,서울특별시 은평구,2024,65582,194296,0.3375365421830609
570,서울특별시 종로구,2022,21209,54496,0.38918452730475633
571,서울특별시 종로구,2023,20830,56150,0.3709706144256456
572,서울특별시 종로구,2024,20916,58258,0.35902365340382436
573,서울특별시 중구,2022,19216,48538,0.3958959990110841
574,서울특별시 중구,2023,19860,50316,0.3947054614834248
575,서울특별시 중구,2024,20025,52046,0.38475579295238826
576,서울특별시 중랑구,2022,54881,148852,0.36869507967645715
577,서울특별시 중랑구,2023,54240,156978,0.34552612467989147
578,서울특별시 중랑구,2024,53464,165968,0.3221343873517787
579,세종특별자치시,2022,49752,80202,0.6203336575147752
580,세종특별자치시,2023,48624,84858,0.5730043130877466
581,세종특별자치시,2024,47943,90342,0.5306834030683403
582,세종특별자치시,2022,49752,80202,0.6203336575147752
583,세종특별자치시,2023,48624,84858,0.5730043130877466
584,세종특별자치시,2024,47943,90342,0.5306834030683403
585,울산광역시,2022,120652,327046,0.36891446463188665
586,울산광역시,2023,115226,350790,0.32847572621796517
587,울산광역시,2024,111373,376732,0.2956292536869711
588,울산광역시 남구,2022,36555,88474,0.4131722313900129
589,울산광역시 남구,2023,35125,94498,0.3717009883807065
590,울산광역시 남구,2024,34074,101454,0.33585664439056123
591,울산광역시 동구,2022,15749,46210,0.34081367669335644
592,울산광역시 동구,2023,15117,50534,0.2991451300114774
593,울산광역시 동구,2024,14302,54774,0.26110928542739253
594,울산광역시 북구,2022,25498,42940,0.5938053097345133
595,울산광역시 북구,2023,23699,46646,0.5080607126012948
596,울산광역시 북구,2024,22769,50862,0.4476623019149856
597,울산광역시 울주군,2022,21658,75310,0.2875846501128668
598,울산광역시 울주군,2023,20475,80308,0.2549559197091199
599,울산광역시 울주군,2024,20063,85794,0.23385085204093525
600,울산광역시 중구,2022,21192,74112,0.2859455958549223
601,울산광역시 중구,2023,20810,78804,0.2640728897010304
602,울산광역시 중구,2024,20165,83848,0.24049470470374965
603,인천광역시,2022,373830,923534,0.4047820654139425
604,인천광역시,2023,371693,989734,0.3755483796656475
605,인천광역시,2024,370232,1062024,0.34860982426009207
606,인천광역시 강화군,2022,4528,49408,0.09164507772020726
607,인천광역시 강화군,2023,4243,51246,0.08279670608437732
608,인천광역시 강화군,2024,4142,53888,0.07686312351543943
609,인천광역시 계양구,2022,36079,87102,0.414215517439324
610,인천광역시 계양구,2023,33816,93722,0.36081176244638397
611,인천광역시 계양구,2024,33517,101900,0.3289205103042198
612,인천광역시 남동구,2022,62332,159370,0.39111501537303134
613,인천광역시 남동구,2023,57989,170280,0.3405508574113225
614,인천광역시 남동구,2024,55985,182212,0.30725199218492744
615,인천광역시 동구,2022,5687,29302,0.19408231520032762
616,인천광역시 동구,2023,5848,30388,0.19244438594181915
617,인천광역시 동구,2024,5619,31516,0.17829039218174894
618,인천광역시 미추홀구,2022,51111,150938,0.33862248075368695
619,인천광역시 미추홀구,2023,49892,159118,0.31355346346736385
620,인천광역시 미추홀구,2024,50162,168260,0.2981219541186259
621,인천광역시 부평구,2022,64319,162368,0.3961310110366575
622,인천광역시 부평구,2023,64754,173710,0.3727707098036958
623,인천광역시 부평구,2024,63642,185460,0.34315755418958266
624,인천광역시 서구,2022,78080,139046,0.5615407850639357
625,인천광역시 서구,2023,82806,154108,0.5373244737456848
626,인천광역시 서구,2024,82798,168866,0.4903177667499674
627,인천광역시 서구검단출장소,2022,0,0,
628,인천광역시 서구검단출장소,2023,0,0,
629,인천광역시 서구검단출장소,2024,0,0,
630,인천광역시 연수구,2022,50030,87500,0.5717714285714286
631,인천광역시 연수구,2023,49727,94888,0.5240599443554507
632,인천광역시 연수구,2024,50268,103640,0.48502508683905826
633,인천광역시 옹진군,2022,1364,12168,0.11209730440499671
634,인천광역시 옹진군,2023,1267,12842,0.09866064475938327
635,인천광역시 옹진군,2024,1258,13460,0.09346210995542348
636,인천광역시 중구,2022,20300,46332,0.43814210480877147
637,인천광역시 중구,2023,21351,49432,0.43192668716620813
638,인천광역시 중구,2024,22841,52822,0.4324145242512589
639,인천광역시 중구영종출장소,2022,0,0,
640,인천광역시 중구영종출장소,2023,0,0,
641,인천광역시 중구영종출장소,2024,0,0,
642,인천광역시 중구용유출장소,2022,0,0,
643,인천광역시 중구용유출장소,2023,0,0,
644,인천광역시 중구용유출장소,2024,0,0,
645,전라남도,2022,163277,913840,0.17867132101899677
646,전라남도,2023,158161,940662,0.16813797091835325
647,전라남도,2024,153888,971864,0.15834314266193625
648,전라남도 강진군,2022,2136,24532,0.08706994945377466
649,전라남도 강진군,2023,2042,24984,0.08173230867755363
650,전라남도 강진군,2024,1965,25358,0.07749033835475984
651,전라남도 고흥군,2022,2994,53378,0.05609052418599423
652,전라남도 고흥군,2023,2909,54060,0.05381058083610803
653,전라남도 고흥군,2024,2755,54934,0.05015109039938836
654,전라남도 곡성군,2022,1665,20718,0.08036490008688098
655,전라남도 곡성군,2023,1609,21132,0.07614045050160893
656,전라남도 곡성군,2024,1567,21512,0.07284306433618445
657,전라남도 광양시,2022,16358,44618,0.36662333587341434
658,전라남도 광양시,2023,15850,47254,0.3354213399923816
659,전라남도 광양시,2024,15880,50212,0.31625906157890543
660,전라남도 구례군,2022,1388,18116,0.07661735482446456
661,전라남도 구례군,2023,1355,18468,0.0733701537795105
662,전라남도 구례군,2024,1297,18930,0.06851558372952984
663,전라남도 나주시,2022,12250,54896,0.22314922763042844
664,전라남도 나주시,2023,12234,56416,0.21685337492909812
665,전라남도 나주시,2024,11943,58214,0.20515683512557117
666,전라남도 담양군,2022,3378,30092,0.11225574903628871
667,전라남도 담양군,2023,3230,30726,0.10512269738983271
668,전라남도 담양군,2024,3043,31750,0.09584251968503937
669,전라남도 목포시,2022,22649,81516,0.27784729378281564
670,전라남도 목포시,2023,21591,84808,0.2545868314309971
671,전라남도 목포시,2024,20422,88804,0.22996711859826133
672,전라남도 무안군,2022,9472,36816,0.2572794437201217
673,전라남도 무안군,2023,9248,37962,0.2436120330857173
674,전라남도 무안군,2024,9600,39140,0.2452733776188043
675,전라남도 보성군,2022,2022,31632,0.0639226100151745
676,전라남도 보성군,2023,1926,31876,0.06042163383109549
677,전라남도 보성군,2024,1828,32462,0.056311995564044114
678,전라남도 순천시,2022,31240,95966,0.3255319592355626
679,전라남도 순천시,2023,30583,100870,0.30319222761970854
680,전라남도 순천시,2024,29802,106664,0.2794007350183755
681,전라남도 신안군,2022,1820,29270,0.062179706183805944
682,전라남도 신안군,2023,1806,29798,0.06060809450298678
683,전라남도 신안군,2024,1782,30552,0.05832678711704635
684,전라남도 여수시,2022,26963,117442,0.22958566781900852
685,전라남도 여수시,2023,25762,122114,0.21096680151334
686,전라남도 여수시,2024,24708,127540,0.19372745805237573
687,전라남도 영광군,2022,4232,31942,0.13249013837580614
688,전라남도 영광군,2023,4149,32528,0.12755164781111658
689,전라남도 영광군,2024,4240,33328,0.12722035525684108
690,전라남도 영암군,2022,3780,29824,0.12674356223175964
691,전라남도 영암군,2023,3743,30562,0.12247235128591061
692,전라남도 영암군,2024,3554,31246,0.11374255904755809
693,전라남도 완도군,2022,2869,33054,0.08679736189266049
694,전라남도 완도군,2023,2695,33510,0.08042375410325275
695,전라남도 완도군,2024,2553,34136,0.07478907897820483
696,전라남도 장성군,2022,2998,27738,0.10808277453313145
697,전라남도 장성군,2023,2861,28268,0.10120984859204754
698,전라남도 장성군,2024,2845,28886,0.09849061829259849
699,전라남도 장흥군,2022,2237,26094,0.08572851996627577
700,전라남도 장흥군,2023,2140,26508,0.08073034555605854
701,전라남도 장흥군,2024,2062,26938,0.07654614299502562
702,전라남도 진도군,2022,1848,21052,0.08778263347900438
703,전라남도 진도군,2023,1791,21334,0.08395050154682666
704,전라남도 진도군,2024,1774,21458,0.08267312890297325
705,전라남도 함평군,2022,1697,24084,0.07046171732270387
706,전라남도 함평군,2023,1687,24636,0.06847702549115116
707,전라남도 함평군,2024,1630,24808,0.06570461141567237
708,전라남도 해남군,2022,4095,45760,0.08948863636363637
709,전라남도 해남군,2023,3870,46538,0.08315784949933387
710,전라남도 해남군,2024,3619,47494,0.07619909883353687
711,전라남도 화순군,2022,5186,35300,0.14691218130311615
712,전라남도 화순군,2023,5080,36310,0.13990636188377858
713,전라남도 화순군,2024,5019,37498,0.13384713851405408
714,전라북도,2022,175179,819608,0.21373510263443013
715,전라북도,2023,169879,844700,0.201111637267669
716,전라북도 고창군,2022,3160,38690,0.08167485138278625
717,전라북도 고창군,2023,3001,39638,0.07571017710278016
718,전라북도 군산시,2022,25215,109670,0.22991702379866874
719,전라북도 군산시,2023,24107,113776,0.2118812403318802
720,전라북도 김제시,2022,6016,54918,0.10954514002694928
721,전라북도 김제시,2023,5983,55836,0.10715309119564438
722,전라북도 남원시,2022,5808,47332,0.12270768190653258
723,전라북도 남원시,2023,5496,48212,0.11399651539035925
724,전라북도 무주군,2022,1373,16772,0.0818626281898402
725,전라북도 무주군,2023,1342,17090,0.07852545348156817
726,전라북도 부안군,2022,3173,35812,0.08860158606053836
727,전라북도 부안군,2023,2979,36448,0.0817328797190518
728,전라북도 순창군,2022,1616,19266,0.08387833489048065
729,전라북도 순창군,2023,1679,19534,0.08595269786014129
730,전라북도 완주군,2022,8213,45846,0.1791432186014047
731,전라북도 완주군,2023,9035,48326,0.1869594007366635
732,전라북도 익산시,2022,27691,119720,0.231298028733712
733,전라북도 익산시,2023,26740,123698,0.21617164384226098
734,전라북도 임실군,2022,1555,20518,0.07578711375377717
735,전라북도 임실군,2023,1471,20700,0.07106280193236715
736,전라북도 장수군,2022,1219,15694,0.07767299604944565
737,전라북도 장수군,2023,1150,16050,0.07165109034267912
738,전라북도 전주시,2022,80671,214304,0.37643254442287594
739,전라북도 전주시,2023,77771,222878,0.3489397787130179
740,전라북도 전주시 덕진구,2022,39583,97416,0.4063295557197996
741,전라북도 전주시 덕진구,2023,38302,101034,0.3791001049151771
742,전라북도 전주시 완산구,2022,41088,116888,0.3515159811101225
743,전라북도 전주시 완산구,2023,39469,121844,0.3239305997833295
744,전라북도 정읍시,2022,8052,62562,0.12870432530929318
745,전라북도 정읍시,2023,7728,63668,0.12137965697053466
746,전라북도 진안군,2022,1417,18504,0.07657803718115003
747,전라북도 진안군,2023,1397,18846,0.07412713573172026
748,전북특별자치도,2024,164667,876840,0.1877959490899138
749,전북특별자치도 고창군,2024,2858,40388,0.07076359314647915
750,전북특별자치도 군산시,2024,23298,118618,0.19641201166770642
751,전북특별자치도 김제시,2024,5811,57014,0.10192233486512085
752,전북특별자치도 남원시,2024,5301,49614,0.10684484218164228
753,전북특별자치도 무주군,2024,1296,17482,0.07413339434847271
754,전북특별자치도 부안군,2024,2743,37070,0.07399514432155382
755,전북특별자치도 순창군,2024,1685,20222,0.0833250914845218
756,전북특별자치도 완주군,2024,9265,50410,0.18379289823447728
757,전북특별자치도 익산시,2024,26008,129174,0.2013408271014291
758,전북특별자치도 임실군,2024,1404,21216,0.0661764705882353
759,전북특별자치도 장수군,2024,1094,16474,0.06640767269637003
760,전북특별자치도 전주시,2024,75214,234578,0.32063535369898283
761,전북특별자치도 전주시 덕진구,2024,37355,106338,0.351285523519344
762,전북특별자치도 전주시 완산구,2024,37859,128240,0.2952199001871491
763,전북특별자치도 정읍시,2024,7349,65150,0.11280122793553339
764,전북특별자치도 진안군,2024,1341,19430,0.06901698404529079
765,제주특별자치도,2022,75661,230074,0.3288550640228796
766,제주특별자치도,2023,72962,240730,0.3030864453952561
767,제주특별자치도,2024,70551,252204,0.27973783127944046
768,제주특별자치도 서귀포시,2022,17703,76462,0.23152677146818026
769,제주특별자치도 서귀포시,2023,16755,79682,0.21027333651263774
770,제주특별자치도 서귀포시,2024,15942,83020,0.19202601782702963
771,제주특별자치도 제주시,2022,57958,153612,0.37730125250631463
772,제주특별자치도 제주시,2023,56207,161048,0.34900774924246186
773,제주특별자치도 제주시,2024,54609,169184,0.322778749763571
774,충청남도,2022,218528,872206,0.25054631589326376
775,충청남도,2023,214357,907362,0.23624198500708649
776,충청남도,2024,211999,949436,0.22328940549968612
777,충청남도 계룡시,2022,4431,11904,0.3722278225806452
778,충청남도 계룡시,2023,4763,13054,0.3648690056687605
779,충청남도 계룡시,2024,4657,13966,0.33345267077187457
780,충청남도 공주시,2022,8910,58812,0.15149969394001225
781,충청남도 공주시,2023,8920,60912,0.1464407670081429
782,충청남도 공주시,2024,8883,63346,0.1402298487670887
783,충청남도 금산군,2022,2959,34106,0.08675892804785082
784,충청남도 금산군,2023,2902,35116,0.0826403918441736
785,충청남도 금산군,2024,2824,35970,0.07850986933555741
786,충청남도 논산시,2022,9040,65164,0.13872690442575655
787,충청남도 논산시,2023,8530,66840,0.12761819269898264
788,충청남도 논산시,2024,8147,69108,0.117887943508711
789,충청남도 당진시,2022,15180,67716,0.22417153996101363
790,충청남도 당진시,2023,14761,70418,0.20961969950864837
791,충청남도 당진시,2024,14574,73630,0.19793562406627732
792,충청남도 보령시,2022,7415,55428,0.13377715234177673
793,충청남도 보령시,2023,6988,56978,0.12264382744217066
794,충청남도 보령시,2024,6564,58832,0.11157193364155561
795,충청남도 부여군,2022,3740,47266,0.07912664494562688
796,충청남도 부여군,2023,3483,48014,0.07254134210855168
797,충청남도 부여군,2024,3256,48960,0.06650326797385621
798,충청남도 서산시,2022,16376,70506,0.2322639208010666
799,충청남도 서산시,2023,15609,73518,0.21231535134252835
800,충청남도 서산시,2024,14938,77090,0.1937735114800882
801,충청남도 서천군,2022,2758,39126,0.070490211112815
802,충청남도 서천군,2023,2624,39820,0.0658965344048217
803,충청남도 서천군,2024,2506,40510,0.06186126882251296
804,충청남도 아산시,2022,39126,93778,0.41721939047537804
805,충청남도 아산시,2023,40351,99096,0.4071910067005732
806,충청남도 아산시,2024,41256,105564,0.39081505058542687
807,충청남도 예산군,2022,5271,52042,0.10128357864801507
808,충청남도 예산군,2023,5419,53470,0.10134654946699084
809,충청남도 예산군,2024,5455,55042,0.09910613713164493
810,충청남도 천안시,2022,89209,161062,0.5538798723472949
811,충청남도 천안시,2023,86487,171222,0.5051161649787994
812,충청남도 천안시,2024,85343,184372,0.4628848198207971
813,충청남도 천안시 동남구,2022,30227,82148,0.367957832205288
814,충청남도 천안시 동남구,2023,29961,86930,0.3446566202691821
815,충청남도 천안시 동남구,2024,30308,93306,0.32482369836880803
816,충청남도 천안시 서북구,2022,58982,78914,0.7474212433788682
817,충청남도 천안시 서북구,2023,56526,84292,0.6705974469700565
818,충청남도 천안시 서북구,2024,55035,91066,0.6043419058704675
819,충청남도 청양군,2022,1838,22990,0.07994780339277947
820,충청남도 청양군,2023,1822,23564,0.07732133763367849
821,충청남도 청양군,2024,1746,24142,0.0723220942755364
822,충청남도 태안군,2022,3726,41888,0.0889514896867838
823,충청남도 태안군,2023,3478,43410,0.08011978806726561
824,충청남도 태안군,2024,3386,44814,0.07555674565983844
825,충청남도 홍성군,2022,8549,50418,0.16956245785235433
826,충청남도 홍성군,2023,8220,51930,0.1582900057770075
827,충청남도 홍성군,2024,8464,54090,0.15647994083934183
828,충청북도,2022,168954,632950,0.2669310372067304
829,충청북도,2023,165666,663490,0.24968876697463413
830,충청북도,2024,162608,697272,0.23320597987585906
831,충청북도 괴산군,2022,1900,27872,0.06816877152698048
832,충청북도 괴산군,2023,1754,28936,0.060616533038429635
833,충청북도 괴산군,2024,1679,30030,0.05591075591075591
834,충청북도 단양군,2022,1566,19292,0.08117354343769438
835,충청북도 단양군,2023,1510,20106,0.07510195961404556
836,충청북도 단양군,2024,1404,20964,0.06697195191757298
837,충청북도 보은군,2022,1696,23568,0.07196198234894773
838,충청북도 보은군,2023,1623,24342,0.06667488291841261
839,충청북도 보은군,2024,1534,25056,0.06122286079182631
840,충청북도 영동군,2022,2785,31506,0.08839586110582111
841,충청북도 영동군,2023,2615,32288,0.0809898414271556
842,충청북도 영동군,2024,2476,33214,0.07454687782260493
843,충청북도 옥천군,2022,3289,32500,0.1012
844,충청북도 옥천군,2023,3107,33290,0.09333133072994894
845,충청북도 옥천군,2024,2979,34380,0.08664921465968586
846,충청북도 음성군,2022,7522,43496,0.17293544233952549
847,충청북도 음성군,2023,7216,45530,0.15848890841203603
848,충청북도 음성군,2024,7103,47812,0.14856103070358906
849,충청북도 제천시,2022,11752,64196,0.1830643653810206
850,충청북도 제천시,2023,11512,67342,0.1709482937839684
851,충청북도 제천시,2024,11005,70580,0.15592235760838766
852,충청북도 증평군,2022,3801,14502,0.2621017790649566
853,충청북도 증평군,2023,3771,15352,0.24563574778530484
854,충청북도 증평군,2024,3608,16044,0.224881575666916
855,충청북도 진천군,2022,8686,30530,0.28450704225352114
856,충청북도 진천군,2023,8342,31816,0.2621951219512195
857,충청북도 진천군,2024,8140,33478,0.2431447517772866
858,충청북도 청주시,2022,106377,253676,0.41934199530109273
859,충청북도 청주시,2023,105060,268554,0.39120623785160524
860,충청북도 청주시,2024,103942,284884,0.36485727524185285
861,충청북도 청주시 상당구,2022,22584,66260,0.340839118623604
862,충청북도 청주시 상당구,2023,22731,70702,0.32150434216853835
863,충청북도 청주시 상당구,2024,21735,74266,0.2926642070395605
864,충청북도 청주시 서원구,2022,22790,65186,0.34961494799496823
865,충청북도 청주시 서원구,2023,21802,68252,0.3194338627439489
866,충청북도 청주시 서원구,2024,20753,71748,0.2892484807938897
867,충청북도 청주시 청원구,2022,24228,55302,0.4381035043940545
868,충청북도 청주시 청원구,2023,23051,57974,0.3976092731224342
869,충청북도 청주시 청원구,2024,22372,61322,0.3648282834871661
870,충청북도 청주시 흥덕구,2022,36775,66928,0.5494710733923022
871,충청북도 청주시 흥덕구,2023,37476,71626,0.5232178259291319
872,충청북도 청주시 흥덕구,2024,39082,77548,0.5039717336359416
873,충청북도 충주시,2022,19580,91812,0.21326188297825993
874,충청북도 충주시,2023,19156,95934,0.1996789459420018
875,충청북도 충주시,2024,18738,100830,0.18583754834870575
